order_id,order_date,category,website,condition,seller,list_price_per_unit,purchase_price_per_unit,quantity,shipment_date,carrier_name,item_subtotal,item_subtotal_tax,item_total
1,2008-02-19,BOOKS,Amazon.com,,Amazon.com,29.99,19.79,1,2008-02-25,USPS,19.79,0.0,19.79
2,2008-02-19,BOOKS,Amazon.com,,Amazon.com,27.95,18.45,1,2008-02-25,USPS,18.45,0.0,18.45
3,2008-06-03,BOOKS,Amazon.com,,Amazon.com,34.99,23.09,1,2008-06-04,UPS,23.09,0.0,23.09
4,2008-11-06,HEALTH_BEAUTY,Amazon.com,,SimplyBeautiful,6.99,9.39,1,2008-11-07,USPS,9.39,0.0,9.39
5,2008-11-06,HEALTH_BEAUTY,Amazon.com,,SimplyBeautiful,10.99,7.99,1,2008-11-07,USPS,7.99,0.0,7.99
6,2008-11-06,HEALTH_BEAUTY,Amazon.com,,SimplyBeautiful,6.99,5.49,1,2008-11-07,USPS,5.49,0.0,5.49
7,2008-11-06,,Amazon.com,,SimplyBeautiful,6.99,6.99,1,2008-11-07,USPS,6.99,0.0,6.99
8,2008-12-13,BOOKS,Amazon.com,,Amazon.com,16.95,10.33,1,2008-12-14,USPS,10.33,0.0,10.33
9,2008-12-13,BOOKS,Amazon.com,,Amazon.com,23.95,15.57,1,2008-12-14,USPS,15.57,0.0,15.57
10,2009-07-18,HEALTH_BEAUTY,Amazon.com,new,Nature and Herbs,15.99,8.99,3,2009-07-19,USPS,26.97,0.0,26.97
11,2009-08-14,SPORTS_OUTDOOR,Amazon.com,new,Amazon.com,99.99,79.99,1,2009-08-16,FedEx,79.99,0.0,79.99
12,2009-09-17,BOOKS,Amazon.com,new,Amazon.com,24.95,16.47,1,2009-09-17,UPS,16.47,0.0,16.47
13,2009-09-18,BOOKS,Amazon.com,new,Amazon.com,22.0,12.87,1,2009-09-21,UPS,12.87,0.0,12.87
14,2009-09-18,BOOKS,Amazon.com,new,Amazon.com,25.0,16.5,1,2009-09-21,UPS,16.5,0.0,16.5
15,2009-11-05,,Amazon.com,new,Amazon.com,37.95,32.53,1,2009-11-06,USPS,32.53,0.0,32.53
16,2009-11-18,BOOKS,Amazon.com,new,Amazon.com,16.95,13.68,1,2009-11-18,UPS,13.68,0.0,13.68
17,2009-11-19,BOOKS,Amazon.com,new,tabletopart,19.74,19.74,1,2009-11-20,UPS Mail Innovations,19.74,0.0,19.74
18,2009-11-20,COMPUTER,Amazon.com,new,Amazon.com,47.99,29.24,1,2009-11-20,USPS,29.24,0.0,29.24
19,2009-11-20,,Amazon.com,new,"Hutsell Sports, LLC",16.95,16.95,1,2009-11-20,UPS,16.95,0.0,16.95
20,2009-12-15,BOOKS,Amazon.com,new,Amazon.com,29.95,19.77,1,2009-12-16,UPS,19.77,0.0,19.77
21,2009-12-15,BOOKS,Amazon.com,new,Amazon.com,36.95,24.39,1,2009-12-16,UPS,24.39,0.0,24.39
22,2009-12-21,,Amazon.com,new,Super Safety Razors,37.77,37.77,1,2009-12-21,UPS,37.77,0.0,37.77
23,2009-12-28,COMPUTER,Amazon.com,new,Amazon.com,19.99,19.99,1,2009-12-29,UPS,19.99,0.0,19.99
24,2009-12-30,COMPUTER,Amazon.com,new,SquareTrade,99.99,89.99,1,2009-12-30,,89.99,0.0,89.99
25,2010-01-27,BOOKS,Amazon.com,new,Amazon.com,15.0,12.82,1,2010-01-29,USPS,12.82,0.0,12.82
26,2010-01-27,BOOKS,Amazon.com,new,Amazon.com,19.95,13.57,1,2010-01-29,USPS,13.57,0.0,13.57
27,2010-02-11,HEALTH_BEAUTY,Amazon.com,new,SB Natural Products,10.19,11.41,1,2010-02-12,USPS,11.41,0.0,11.41
28,2010-02-11,HEALTH_BEAUTY,Amazon.com,new,Wellica Inc,6.95,9.39,1,2010-02-13,USPS,9.39,0.0,9.39
29,2010-02-11,HEALTH_BEAUTY,Amazon.com,new,Wellica Inc,8.39,7.99,2,2010-02-13,USPS,15.98,0.0,15.98
30,2010-02-19,ELECTRONICS,Amazon.com,new,Amazon.com,4.99,3.19,1,2010-02-21,USPS,3.19,0.0,3.19
31,2010-02-19,COMPUTER,Amazon.com,new,Amazon.com,45.0,24.99,1,2010-02-21,USPS,24.99,0.0,24.99
32,2010-02-21,HEALTH_BEAUTY,Amazon.com,new,Hahnemann Laboratories,25.95,25.95,1,2010-02-24,USPS,25.95,0.0,25.95
33,2010-02-28,ELECTRONICS,Amazon.com,new,Amazon.com,299.99,269.95,1,2010-03-03,FedEx,269.95,0.0,269.95
34,2010-03-02,BOOKS,Amazon.com,new,Amazon.com,80.0,50.4,1,2010-03-05,USPS,50.4,0.0,50.4
35,2010-03-02,,Amazon.com,new,Amazon.com,8.35,8.35,1,2010-03-05,USPS,8.35,0.0,8.35
36,2010-03-26,HOME,Amazon.com,new,Amazon.com,15.15,5.19,1,2010-03-27,USPS,5.19,0.0,5.19
37,2010-03-26,HEALTH_BEAUTY,Amazon.com,new,Amazon.com,20.67,17.74,1,2010-03-27,USPS,17.74,0.0,17.74
38,2010-03-26,OFFICE,Amazon.com,new,Amazon.com,1.99,1.99,1,2010-03-29,USPS,1.99,0.0,1.99
39,2010-03-26,OFFICE,Amazon.com,new,Amazon.com,1.99,1.99,1,2010-03-29,USPS,1.99,0.0,1.99
40,2010-04-26,COMPUTER,Amazon.com,new,Amazon.com,28.99,14.99,1,2010-04-28,ONTRAC,14.99,0.0,14.99
41,2010-04-26,COMPUTER,Amazon.com,new,Amazon.com,92.99,69.99,1,2010-04-28,ONTRAC,69.99,0.0,69.99
42,2010-04-26,COMPUTER,Amazon.com,new,Amazon.com,3.64,3.64,1,2010-05-03,USPS,3.64,0.0,3.64
43,2010-04-29,COMPUTER,Amazon.com,new,BarleyBlends,9.69,9.69,1,2010-04-30,ONTRAC,9.69,0.0,9.69
44,2010-05-09,,Amazon.com,new,,20.0,20.0,1,2010-05-17,UPS,20.0,0.0,20.0
45,2010-05-09,COMPUTER,Amazon.com,new,Amazon.com,7.8,7.8,1,2010-05-12,ONTRAC,7.8,0.0,7.8
46,2010-05-09,GROCERY,Amazon.com,new,Black Tie Mercantile,14.99,10.01,1,2010-05-12,ONTRAC,10.01,0.0,10.01
47,2010-05-09,HEALTH_BEAUTY,Amazon.com,new,Maple Leaf Nutrition,19.99,12.59,1,2010-05-12,USPS,12.59,0.0,12.59
48,2010-05-27,HEALTH_BEAUTY,Amazon.com,new,Amazon.com,38.99,29.99,1,2010-05-27,USPS,29.99,0.0,29.99
49,2010-05-27,HEALTH_BEAUTY,Amazon.com,new,AmeriMed Direct,12.99,6.49,1,2010-05-27,USPS,6.49,0.0,6.49
50,2010-06-01,HEALTH_BEAUTY,Amazon.com,new,VapeNow,9.99,9.99,1,2010-06-02,USPS,9.99,0.0,9.99
51,2010-06-01,HEALTH_BEAUTY,Amazon.com,new,SB Natural Products,7.99,6.45,2,2010-06-03,USPS,12.9,0.0,12.9
52,2010-06-01,COMPUTER,Amazon.com,new,Amazon.com,4.86,4.86,2,2010-06-05,USPS,9.72,0.0,9.72
53,2010-06-01,HOME,Amazon.com,new,Amazon.com,13.99,9.5,1,2010-06-06,USPS,9.5,0.0,9.5
54,2010-06-23,COMPUTER,Amazon.com,new,365USA,59.99,20.95,1,2010-06-23,UPS,20.95,0.0,20.95
55,2010-06-26,,Amazon.com,new,Wellica Inc,10.95,9.99,1,2010-06-26,USPS,9.99,0.0,9.99
56,2010-06-26,HEALTH_BEAUTY,Amazon.com,new,DAB Unlimited,27.98,13.25,1,2010-06-30,USPS,13.25,0.0,13.25
57,2010-06-26,,Amazon.com,new,Wellica Inc,8.89,8.29,1,2010-06-26,USPS,8.29,0.0,8.29
58,2010-07-11,COMPUTER,Amazon.com,new,Amazon.com,99.99,89.99,1,2010-07-14,ONTRAC,89.99,0.0,89.99
59,2010-07-11,HEALTH_BEAUTY,Amazon.com,new,SB Natural Products,7.99,5.76,3,2010-07-14,ONTRAC,17.28,0.0,17.28
60,2010-07-25,COMPUTER,Amazon.com,new,Amazon.com,4.86,4.86,1,2010-07-29,USPS,4.86,0.0,4.86
61,2010-07-25,ELECTRONICS,Amazon.com,new,MYBATTERYSUPPLIER,16.99,13.45,1,2010-07-29,USPS,13.45,0.0,13.45
62,2010-07-25,COMPUTER,Amazon.com,new,Amazon.com,28.5,14.82,1,2010-07-29,USPS,14.82,0.0,14.82
63,2010-07-25,COMPUTER,Amazon.com,new,Amazon.com,7.8,7.8,1,2010-07-29,USPS,7.8,0.0,7.8
64,2010-07-29,HEALTH_BEAUTY,Amazon.com,new,SafetyRazorPlace,6.0,6.79,1,2010-07-29,USPS,6.79,0.0,6.79
65,2010-07-29,HEALTH_BEAUTY,Amazon.com,new,SafetyRazorPlace,8.99,8.99,1,2010-07-29,USPS,8.99,0.0,8.99
66,2010-07-29,COMPUTER,Amazon.com,new,Amazon.com,4.86,4.86,1,2010-08-01,ONTRAC,4.86,0.0,4.86
67,2010-07-29,HEALTH_BEAUTY,Amazon.com,new,Amazon.com,21.38,14.68,2,2010-08-01,ONTRAC,29.36,0.0,29.36
68,2010-07-30,,Amazon.com,new,Importer520  ( USA Seller ),10.99,2.47,1,2010-07-30,USPS,2.47,0.0,2.47
69,2010-08-02,,Amazon.com,new,MYBATTERYSUPPLIER,2.45,2.45,1,2010-08-04,UPS,2.45,0.0,2.45
70,2010-08-04,HOME,Amazon.com,,Amazon.com,12.99,10.98,1,2010-08-08,ONTRAC,10.98,0.0,10.98
71,2010-08-04,BOOKS,Amazon.com,new,Amazon.com,17.95,11.97,1,2010-08-08,ONTRAC,11.97,0.0,11.97
72,2010-08-04,BOOKS,Amazon.com,new,Amazon.com,39.95,30.36,1,2010-08-08,ONTRAC,30.36,0.0,30.36
73,2010-08-04,,Amazon.com,new,DAB Unlimited,43.99,19.9,1,2010-08-08,ONTRAC,19.9,0.0,19.9
74,2010-08-05,COMPUTER,Amazon.com,new,Importer520  ( USA Seller ),11.99,11.99,1,2010-08-06,UPS Mail Innovations,11.99,0.0,11.99
75,2010-08-14,ELECTRONICS,Amazon.com,new,Pro Ebiz,39.99,8.15,1,2010-08-15,USPS,8.15,0.0,8.15
76,2010-08-14,COMPUTER,Amazon.com,new,BoBotechnic,38.99,18.77,1,2010-08-17,USPS,18.77,0.0,18.77
77,2010-08-15,HEALTH_BEAUTY,Amazon.com,new,The Vitamin Shoppe,17.79,11.93,1,2010-08-15,UPS Mail Innovations,11.93,1.04,12.97
78,2010-08-30,COMPUTER,Amazon.com,new,Amazing Deals Online,59.99,22.43,1,2010-08-31,FedEx,22.43,0.0,22.43
79,2010-08-30,,Amazon.com,new,Amazon.com,7.99,7.99,1,2010-08-31,UPS,7.99,0.0,7.99
80,2010-08-30,COMPUTER,Amazon.com,new,Amazon.com,749.99,722.02,1,2010-08-31,UPS,722.02,0.0,722.02
81,2010-09-11,COMPUTER,Amazon.com,new,BestDealUSA,14.99,2.09,1,2010-09-13,USPS,2.09,0.0,2.09
82,2010-09-19,ELECTRONICS,Amazon.com,new,Amazon.com,189.0,189.0,1,2010-09-23,UPS,189.0,0.0,189.0
83,2010-09-24,,Amazon.com,new,,29.95,0.01,1,2010-09-24,USPS,0.01,0.0,0.01
84,2010-09-24,HEALTH_BEAUTY,Amazon.com,new,Amazon.com,11.99,8.57,1,2010-09-24,UPS,8.57,0.0,8.57
86,2010-09-24,COMPUTER,Amazon.com,new,Amazon.com,9.95,9.95,1,2010-10-06,USPS,9.95,0.0,9.95
87,2010-09-25,HEALTH_BEAUTY,Amazon.com,new,Amazon.com,14.99,13.76,2,2010-09-29,UPS,27.52,0.0,27.52
88,2010-09-26,BOOKS,Amazon.com,new,Amazon.com,14.95,13.45,1,2010-09-27,UPS,13.45,0.0,13.45
89,2010-09-26,BOOKS,Amazon.com,new,Amazon.com,15.95,10.85,1,2010-09-30,USPS,10.85,0.0,10.85
90,2010-09-26,BOOKS,Amazon.com,new,Amazon.com,16.0,10.88,1,2010-09-30,USPS,10.88,0.0,10.88
91,2010-10-07,BOOKS,Amazon.com,used verygood,pumpstonbooks,30.0,7.99,1,2010-10-08,USPS,7.99,0.0,7.99
92,2010-10-21,,Amazon.com,new,SB Natural Products,3.71,3.71,1,2010-10-22,USPS,3.71,0.0,3.71
93,2010-10-21,HEALTH_BEAUTY,Amazon.com,new,SB Natural Products,7.99,6.31,2,2010-10-22,USPS,12.62,0.0,12.62
94,2010-10-21,HEALTH_BEAUTY,Amazon.com,new,The Vitamin Shoppe,6.99,4.59,1,2010-10-22,UPS Mail Innovations,4.59,0.4,4.99
95,2010-10-26,BOOKS,Amazon.com,new,Amazon.com,193.0,121.59,1,2010-10-26,USPS,121.59,0.0,121.59
96,2010-10-29,COMPUTER,Amazon.com,new,Amazon.com,26.99,8.99,1,2010-10-31,USPS,8.99,0.0,8.99
97,2010-10-29,COMPUTER,Amazon.com,new,Amazon.com,36.99,19.22,1,2010-10-31,USPS,19.22,0.0,19.22
98,2010-10-29,TOOLS,Amazon.com,new,HTS USA,12.95,4.95,1,2010-10-29,USPS,4.95,0.43,5.38
99,2010-11-02,HEALTH_BEAUTY,Amazon.com,new,HTS USA,7.99,6.88,1,2010-11-03,USPS,6.88,0.6,7.48
100,2010-11-11,ELECTRONICS,Amazon.com,new,ACC Stop,39.99,2.2,1,2010-11-12,USPS,2.2,0.0,2.2
101,2010-11-18,COMPUTER,Amazon.com,new,Amazon.com,61.99,47.99,1,2010-11-22,USPS,47.99,0.0,47.99
102,2010-12-04,COMPUTER,Amazon.com,new,Amazon.com,6.5,6.5,1,2010-12-06,USPS,6.5,0.0,6.5
103,2010-12-04,HEALTH_BEAUTY,Amazon.com,new,Wellica Inc,8.99,8.99,1,2010-12-05,USPS,8.99,0.0,8.99
104,2010-12-04,HOME,Amazon.com,new,Handy Housewares,4.99,4.99,2,2010-12-05,USPS,9.98,0.0,9.98
105,2010-12-04,,Amazon.com,new,NutriPlusTea,10.49,7.38,1,2010-12-06,USPS,7.38,0.0,7.38
106,2010-12-09,HOME,Amazon.com,new,Cheap Seeds,3.6,3.6,2,2010-12-10,USPS,7.2,0.0,7.2
107,2010-12-18,,Amazon.com,new,Amazon.com,29.99,25.25,1,2010-12-21,UPS,25.25,0.0,25.25
108,2010-12-18,HEALTH_BEAUTY,Amazon.com,new,Wellica Inc,7.99,8.65,1,2010-12-20,USPS,8.65,0.0,8.65
109,2011-01-21,COMPUTER,Amazon.com,new,WOWparts,4.99,2.46,1,2011-01-21,USPS,2.46,0.0,2.46
110,2011-01-25,GIFT_CARD,Amazon.com,,Amazon.com,5000.0,20.0,1,2011-01-25,,20.0,0.0,20.0
111,2011-01-25,,Amazon.com,new,TheSmartDigital,14.1,14.1,1,2011-01-27,ONTRAC,14.1,0.0,14.1
112,2011-01-25,COMPUTER,Amazon.com,new,Amazon.com,12.99,11.99,1,2011-01-27,ONTRAC,11.99,0.0,11.99
113,2011-01-25,COMPUTER,Amazon.com,new,Amazon.com,129.99,116.43,1,2011-01-25,UPS,116.43,0.0,116.43
114,2011-02-05,COMPUTER,Amazon.com,new,Amazon.com,81.99,68.99,1,2011-02-08,USPS,68.99,0.0,68.99
115,2011-02-05,COMPUTER,Amazon.com,new,,69.95,15.3,1,2011-02-08,USPS,15.3,1.34,16.64
116,2011-02-05,,Amazon.com,new,Nutricity,10.0,11.17,1,2011-02-11,USPS,11.17,0.0,11.17
117,2011-02-12,BOOKS,Amazon.com,new,Amazon.com,24.95,14.74,1,2011-02-15,USPS,14.74,0.0,14.74
118,2011-02-12,BOOKS,Amazon.com,new,Amazon.com,17.95,10.97,1,2011-02-15,USPS,10.97,0.0,10.97
119,2011-02-20,COMPUTER,Amazon.com,new,Amazon.com,47.99,42.49,1,2011-02-23,USPS,42.49,0.0,42.49
120,2011-02-20,COMPUTER,Amazon.com,new,Amazon.com,14.99,13.99,1,2011-02-23,USPS,13.99,0.0,13.99
121,2011-02-21,ELECTRONICS,Amazon.com,new,Creative Square,85.39,85.39,2,2011-02-21,FedEx,170.78,0.0,170.78
122,2011-02-22,ELECTRONICS,Amazon.com,new,Creative Square,115.78,115.78,1,2011-02-23,ONTRAC,115.78,0.0,115.78
123,2011-02-23,ELECTRONICS,Amazon.com,new,Amazon.com,199.95,119.99,1,2011-02-24,ONTRAC,119.99,0.0,119.99
124,2011-02-25,COMPUTER,Amazon.com,new,J&R Music and Computer World,14.95,9.99,1,2011-02-25,USPS,9.99,0.0,9.99
125,2011-02-25,COMPUTER,Amazon.com,new,Amazon.com,49.68,19.99,1,2011-02-28,UPS,19.99,0.0,19.99
126,2011-02-26,ELECTRONICS,Amazon.com,new,Creative Square,83.66,83.66,1,2011-02-27,ONTRAC,83.66,0.0,83.66
127,2011-02-27,COMPUTER,Amazon.com,new,Amazon.com,89.99,79.99,1,2011-02-28,ONTRAC,79.99,0.0,79.99
128,2011-02-27,,Amazon.com,new,Amazon.com,129.0,99.99,1,2011-02-28,ONTRAC,99.99,0.0,99.99
129,2011-03-02,COMPUTER,Amazon.com,new,Amazon.com,182.77,99.99,1,2011-03-03,ONTRAC,99.99,0.0,99.99
130,2011-03-03,ELECTRONICS,Amazon.com,new,Thousandshores Inc,90.09,90.09,1,2011-03-03,FedEx,90.09,0.0,90.09
131,2011-03-10,COMPUTER,Amazon.com,new,Amazon.com,199.99,199.99,1,2011-03-11,UPS,199.99,0.0,199.99
132,2011-03-12,ELECTRONICS,Amazon.com,new,Amazon.com,299.95,199.99,1,2011-03-14,UPS,199.99,0.0,199.99
133,2011-03-12,ELECTRONICS,Amazon.com,new,Amazon.com,199.95,154.49,1,2011-03-14,UPS,154.49,0.0,154.49
134,2011-03-12,COMPUTER,Amazon.com,new,Warehouseseller,29.99,7.99,1,2011-03-14,UPS,7.99,0.0,7.99
135,2011-03-15,COMPUTER,Amazon.com,new,Amazon.com,169.99,154.0,1,2011-03-16,UPS,154.0,0.0,154.0
136,2011-03-24,HOME,Amazon.com,new,VCT ELECTRONICS,4.94,4.94,1,2011-03-24,ONTRAC,4.94,0.0,4.94
137,2011-03-24,COMPUTER,Amazon.com,new,Instapark,21.99,16.7,1,2011-03-24,ONTRAC,16.7,0.0,16.7
138,2011-03-25,COMPUTER,Amazon.com,new,Amazon.com,749.0,740.7,1,2011-03-25,UPS,740.7,0.0,740.7
139,2011-03-25,COMPUTER,Amazon.com,new,Amazon.com,11.99,11.99,1,2011-03-26,ONTRAC,11.99,0.0,11.99
140,2011-03-25,,Amazon.com,new,Amazon.com,57.99,42.79,1,2011-03-26,ONTRAC,42.79,0.0,42.79
141,2011-03-26,COMPUTER,Amazon.com,new,Amazon.com,24.99,15.26,1,2011-03-27,ONTRAC,15.26,0.0,15.26
142,2011-03-26,HOME,Amazon.com,new,Amazon.com,9.99,5.29,1,2011-03-27,ONTRAC,5.29,0.0,5.29
143,2011-03-26,,Amazon.com,new,VCT ELECTRONICS,3.75,3.75,1,2011-03-27,ONTRAC,3.75,0.0,3.75
144,2011-03-27,ELECTRONICS,Amazon.com,new,Creative Square,99.99,99.99,1,2011-03-28,ONTRAC,99.99,0.0,99.99
145,2011-03-28,COMPUTER,Amazon.com,new,Amazon.com,749.0,709.0,1,2011-03-29,UPS,709.0,0.0,709.0
146,2011-04-06,HEALTH_BEAUTY,Amazon.com,new,American Direct Wholesale,3.59,1.6,1,2011-04-08,USPS,1.6,0.0,1.6
147,2011-04-09,COMPUTER,Amazon.com,new,Amazon.com,43.0,24.99,1,2011-04-09,USPS,24.99,0.0,24.99
148,2011-04-09,COMPUTER,Amazon.com,new,Amazon.com,6.5,6.5,1,2011-04-21,ONTRAC,6.5,0.0,6.5
149,2011-04-09,,Amazon.com,new,BarleyBlends,0.89,0.89,2,2011-04-11,USPS,1.78,0.0,1.78
150,2011-04-11,COMPUTER,Amazon.com,new,Amazon.com,79.99,49.98,1,2011-04-12,UPS,49.98,0.0,49.98
151,2011-04-17,APPAREL,Amazon.com,new,Sox Shop,30.0,30.0,1,2011-04-18,UPS,30.0,0.0,30.0
152,2011-04-18,COMPUTER,Amazon.com,new,Amazon.com,159.99,119.99,1,2011-04-19,ONTRAC,119.99,0.0,119.99
153,2011-04-24,,Amazon.com,new,BarleyBlends,0.89,0.89,2,2011-04-25,USPS,1.78,0.0,1.78
154,2011-04-27,,Amazon.com,new,Sneakers Seekers,130.0,109.95,1,2011-04-28,FedEx,109.95,0.0,109.95
155,2011-04-29,COMPUTER,Amazon.com,new,Amazon.com,149.99,114.99,1,2011-04-29,FedEx,114.99,0.0,114.99
156,2011-05-03,COMPUTER,Amazon.com,new,Amazon.com,5.48,5.48,1,2011-05-04,ONTRAC,5.48,0.0,5.48
157,2011-05-08,HEALTH_BEAUTY,Amazon.com,new,The Vitamin Shoppe,7.78,7.29,1,2011-05-08,UPS Mail Innovations,7.29,0.64,7.93
158,2011-05-10,APPAREL,Amazon.com,new,Amazon.com,24.99,24.99,1,2011-05-11,ONTRAC,24.99,0.0,24.99
159,2011-05-10,APPAREL,Amazon.com,new,Amazon.com,25.0,5.72,1,2011-05-11,UPS,5.72,0.0,5.72
160,2011-05-11,COMPUTER,Amazon.com,new,Amazon.com,14.95,11.14,1,2011-05-11,ONTRAC,11.14,0.0,11.14
161,2011-05-11,COMPUTER,Amazon.com,new,Amazon.com,629.0,514.65,1,2011-05-11,UPS,514.65,0.0,514.65
162,2011-05-12,,Amazon.com,new,MyOfficeInnovations,119.95,13.09,1,2011-05-16,UPS,13.09,1.15,14.24
163,2011-05-13,COMPUTER,Amazon.com,new,BestDealUSA,6.84,6.84,1,2011-05-14,USPS,6.84,0.0,6.84
164,2011-05-14,COMPUTER,Amazon.com,new,WOWparts,8.0,2.62,1,2011-05-17,USPS,2.62,0.0,2.62
165,2011-05-14,COMPUTER,Amazon.com,new,Amazon.com,5.14,5.14,1,2011-05-16,ONTRAC,5.14,0.0,5.14
166,2011-05-14,COMPUTER,Amazon.com,new,Kinobo,13.99,13.99,1,2011-05-16,ONTRAC,13.99,0.0,13.99
167,2011-05-15,COMPUTER,Amazon.com,new,Amazon.com,699.0,644.0,1,2011-05-15,UPS,644.0,0.0,644.0
168,2011-05-17,COMPUTER,Amazon.com,new,Amazon.com,14.95,11.14,1,2011-05-17,ONTRAC,11.14,0.0,11.14
169,2011-05-17,ELECTRONICS,Amazon.com,new,Amazon.com,39.99,25.48,1,2011-05-18,ONTRAC,25.48,0.0,25.48
170,2011-05-22,ENTERTAINMENT,Amazon.com,new,Jed Mart,6.95,6.95,1,2011-05-23,USPS,6.95,0.0,6.95
171,2011-05-24,ELECTRONICS,Amazon.com,new,TRAVEL COMMODITY,3.25,3.25,1,2011-05-25,USPS,3.25,0.0,3.25
172,2011-05-28,,Amazon.com,new,"Great Goods, Inc.",68.0,46.95,1,2011-05-30,ONTRAC,46.95,0.0,46.95
173,2011-05-28,HEALTH_BEAUTY,Amazon.com,new,SafetyRazorPlace,10.95,10.95,1,2011-05-31,UPS,10.95,0.0,10.95
174,2011-05-28,HEALTH_BEAUTY,Amazon.com,new,GOOD BUY NY,36.57,13.99,1,2011-05-29,USPS,13.99,0.0,13.99
175,2011-05-30,SPORTS_OUTDOOR,Amazon.com,new,LuggageGuru,280.0,102.99,1,2011-05-31,UPS,102.99,0.0,102.99
176,2011-05-30,HEALTH_BEAUTY,Amazon.com,new,Amazon.com,69.99,54.99,1,2011-05-31,ONTRAC,54.99,0.0,54.99
177,2011-05-30,HEALTH_BEAUTY,Amazon.com,new,Amazon.com,29.99,11.39,1,2011-05-31,ONTRAC,11.39,0.0,11.39
178,2011-05-30,HOME,Amazon.com,new,Amazon.com,2.59,2.59,4,2011-05-31,ONTRAC,10.36,0.0,10.36
179,2011-05-30,HOME,Amazon.com,new,Amazon.com,1.59,1.59,4,2011-05-31,ONTRAC,6.36,0.0,6.36
180,2011-06-02,ELECTRONICS,Amazon.com,new,Creative Square,99.99,99.99,1,2011-06-03,ONTRAC,99.99,0.0,99.99
181,2011-06-02,HOME,Amazon.com,new,VCT ELECTRONICS,9.99,5.27,1,2011-06-02,USPS,5.27,0.0,5.27
182,2011-06-04,HEALTH_BEAUTY,Amazon.com,new,Amazon.com,38.99,31.2,1,2011-06-05,ONTRAC,31.2,0.0,31.2
183,2011-06-05,ELECTRONICS,Amazon.com,new,Amazon.com,159.99,139.99,1,2011-06-05,ONTRAC,139.99,0.0,139.99
184,2011-06-08,ELECTRONICS,Amazon.com,,AmazonWireless,599.99,129.99,1,2011-06-09,ONTRAC,129.99,0.0,129.99
187,2011-06-09,,Amazon.com,new,FragranceNet,65.0,44.75,1,2011-06-11,FedEx SmartPost,44.75,0.0,44.75
188,2011-06-09,HEALTH_BEAUTY,Amazon.com,new,FragranceNet,55.0,36.0,1,2011-06-11,FedEx SmartPost,36.0,0.0,36.0
189,2011-06-09,HEALTH_BEAUTY,Amazon.com,new,Amazon.com,80.0,37.2,1,2011-06-10,UPS,37.2,0.0,37.2
190,2011-06-14,HOME,Amazon.com,new,Amazon.com,129.99,129.99,1,2011-06-14,ONTRAC,129.99,0.0,129.99
191,2011-06-14,,Amazon.com,new,Amazon.com,45.99,45.99,1,2011-06-14,ONTRAC,45.99,0.0,45.99
192,2011-06-14,HOME,Amazon.com,new,Amazon.com,34.99,31.46,2,2011-06-14,ONTRAC,62.92,0.0,62.92
193,2011-06-14,,Amazon.com,new,Best Deal Supply,37.27,37.27,1,2011-06-14,USPS,37.27,0.0,37.27
194,2011-06-15,,Amazon.com,new,Amazon.com,39.99,37.2,2,2011-06-16,ONTRAC,74.4,0.0,74.4
195,2011-06-17,TOOLS,Amazon.com,new,Amazon.com,18.63,14.94,2,2011-06-17,ONTRAC,29.88,0.0,29.88
196,2011-06-20,HOME,Amazon.com,new,Amazon.com,34.99,31.97,1,2011-06-20,ONTRAC,31.97,0.0,31.97
197,2011-06-20,HOME,Amazon.com,new,Amazon.com,49.99,48.25,1,2011-06-20,ONTRAC,48.25,0.0,48.25
198,2011-06-20,HOME,Amazon.com,new,Amazon.com,17.99,13.91,1,2011-06-20,ONTRAC,13.91,0.0,13.91
199,2011-06-20,,Amazon.com,new,Best Deal Supply,37.24,37.24,2,2011-06-22,UPS,74.48,0.0,74.48
200,2011-06-20,HEALTH_BEAUTY,Amazon.com,new,CONTINENTAL SUPPLY,8.79,0.76,1,2011-06-20,USPS,0.76,0.0,0.76
202,2011-07-01,ELECTRONICS,Amazon.com,,AmazonWireless,599.99,149.99,1,2011-07-05,ONTRAC,149.99,0.0,149.99
205,2011-08-08,SPORTS_OUTDOOR,Amazon.com,new,LuggageGuru,280.0,102.99,1,2011-08-08,UPS,102.99,0.0,102.99
206,2011-12-07,BOOKS,Amazon.com,used verygood,Goodwill Charlotte Books,55.1,55.1,1,2011-12-08,USPS,55.1,0.0,55.1
207,2011-12-18,ELECTRONICS,Amazon.com,new,Amazon.com,99.95,89.95,1,2011-12-18,UPS,89.95,0.0,89.95
208,2011-12-24,HEALTH_BEAUTY,Amazon.com,new,AmericaRx,17.95,12.75,4,2011-12-27,ONTRAC,51.0,0.0,51.0
209,2011-12-30,HEALTH_BEAUTY,Amazon.com,new,SafetyFast,35.0,29.5,1,2012-01-02,ONTRAC,29.5,0.0,29.5
210,2012-06-12,HEALTH_BEAUTY,Amazon.com,new,AmericaRx,3.99,2.32,1,2012-06-13,USPS,2.32,0.0,2.32
211,2012-07-02,HEALTH_BEAUTY,Amazon.com,new,Green Web Inc,17.95,12.06,4,2012-07-03,USPS,48.24,0.0,48.24
212,2012-07-03,HOME,Amazon.com,new,Amazon.com,31.95,28.24,1,2012-07-08,USPS,28.24,2.33,30.57
213,2012-07-06,BOOKS,Amazon.com,used good,textbooksnow-,114.31,114.31,1,2012-07-09,FedEx,114.31,0.0,114.31
214,2012-07-07,HEALTH_BEAUTY,Amazon.com,new,Amazon.com,38.99,29.3,1,2012-07-10,USPS,29.3,2.42,31.72
216,2012-07-08,,Amazon.com,new,POWERGEN,29.99,9.99,1,2012-07-10,USPS,9.99,0.0,9.99
217,2012-07-08,HEALTH_BEAUTY,Amazon.com,new,NY Supply,24.99,29.09,1,2012-07-10,USPS,29.09,0.0,29.09
218,2012-07-09,GROCERY,Amazon.com,new,Amazon.com,21.98,25.45,1,2012-07-10,USPS,25.45,0.0,25.45
219,2012-07-15,,Amazon.com,new,SF Planet,18.99,9.05,1,2012-07-17,USPS,9.05,0.0,9.05
220,2012-07-15,COMPUTER,Amazon.com,new,BlueRigger,4.99,4.99,2,2012-07-17,USPS,9.98,0.0,9.98
221,2012-07-15,COMPUTER,Amazon.com,new,Amazon.com,7.49,7.49,1,2012-07-17,USPS,7.49,0.62,8.11
222,2012-07-16,COMPUTER,Amazon.com,new,Amazon.com,495.0,116.15,1,2012-07-18,UPS,116.15,9.58,125.73
223,2012-07-16,,Amazon.com,new,NorthShore Care Supply,9.99,9.46,1,2012-07-18,USPS,9.46,0.0,9.46
224,2012-07-16,COMPUTER,Amazon.com,new,"eBusinessCables, Inc.",16.99,3.19,1,2012-07-18,USPS,3.19,0.0,3.19
225,2012-07-16,COMPUTER,Amazon.com,new,Amazon.com,6.99,6.99,1,2012-07-18,USPS,6.99,0.58,7.57
226,2012-07-17,COMPUTER,Amazon.com,new,Amazon.com,5.99,3.83,1,2012-07-18,USPS,3.83,0.32,4.15
228,2012-07-19,COMPUTER,Amazon.com,new,Amazon.com,89.99,44.99,1,2012-07-20,USPS,44.99,3.71,48.7
231,2012-07-26,ELECTRONICS,Amazon.com,new,Best Deal Supply,1.9,1.9,1,2012-07-27,OTHER,1.9,0.0,1.9
232,2012-07-26,SPORTS_OUTDOOR,Amazon.com,new,HitTimeStore,1.85,1.85,1,2012-07-27,China Post,1.85,0.0,1.85
233,2012-07-26,SPORTS_OUTDOOR,Amazon.com,new,Cheerwing USA,2.99,2.99,1,2012-07-27,China Post,2.99,0.0,2.99
234,2012-07-26,HOME,Amazon.com,new,Amazon.com,9.99,8.11,1,2012-07-27,USPS,8.11,0.67,8.78
235,2012-07-26,APPAREL,Amazon.com,new,Amazon.com,84.95,52.75,1,2012-07-27,USPS,52.75,4.35,57.1
236,2012-07-26,SPORTS_OUTDOOR,Amazon.com,new,Amazon.com,8.95,8.95,1,2012-07-27,USPS,8.95,0.74,9.69
239,2012-07-27,HOME,Amazon.com,new,Amazon.com,24.99,15.0,1,2012-07-30,UPS,15.0,1.24,16.24
240,2012-07-28,OFFICE,Amazon.com,new,Value Max,26.99,26.99,1,2012-07-30,UPS,26.99,0.0,26.99
241,2012-07-28,OFFICE,Amazon.com,new,Royal Store,2.8,2.8,1,2012-07-31,UPS,2.8,0.0,2.8
242,2012-07-30,COMPUTER,Amazon.com,new,Amazon.com,169.0,155.98,1,2012-07-30,UPS,155.98,12.87,168.85
243,2012-07-30,ELECTRONICS,Amazon.com,new,Overstocks Closeout,49.99,21.99,1,2012-07-30,UPS,21.99,0.0,21.99
244,2012-07-30,ELECTRONICS,Amazon.com,new,Amazon.com,99.0,99.0,1,2012-07-30,UPS,99.0,8.17,107.17
246,2012-08-01,APPAREL,Amazon.com,new,Amazon.com,84.95,70.7,1,2012-08-02,UPS,70.7,5.83,76.53
247,2012-08-02,ELECTRONICS,Amazon.com,new,Amazon.com,39.99,20.27,1,2012-08-02,UPS,20.27,1.67,21.94
248,2012-08-02,COMPUTER,Amazon.com,new,Amazon.com,36.99,23.99,1,2012-08-02,UPS,23.99,1.98,25.97
249,2012-08-04,ENTERTAINMENT,Amazon.com,used mint,SourceMedia,9.99,2.89,1,2012-08-05,UPS,2.89,0.0,2.89
250,2012-08-05,APPAREL,Amazon.com,new,Amazon.com,129.95,119.95,1,2012-08-06,UPS,119.95,9.9,129.85
252,2012-08-05,HEALTH_BEAUTY,Amazon.com,new,,5.0,5.0,1,2012-08-06,USPS,5.0,0.0,5.0
253,2012-08-05,ELECTRONICS,Amazon.com,new,Amazon.com,9.99,7.95,1,2012-08-05,UPS,7.95,0.66,8.61
255,2012-08-09,COMPUTER,Amazon.com,new,Shop Cellar,44.95,6.99,1,2012-08-09,UPS,6.99,0.0,6.99
256,2012-08-09,APPAREL,Amazon.com,new,Amazon.com,110.0,64.5,1,2012-08-10,UPS,64.5,5.32,69.82
257,2012-08-09,APPAREL,Amazon.com,new,Amazon.com,100.0,85.31,1,2012-08-10,FedEx,85.31,7.04,92.35
258,2012-08-09,APPAREL,Amazon.com,new,Amazon.com,110.0,64.5,1,2012-08-10,FedEx,64.5,5.32,69.82
259,2012-08-09,APPAREL,Amazon.com,new,Amazon.com,100.0,85.31,1,2012-08-10,FedEx,85.31,7.04,92.35
260,2012-08-13,COMPUTER,Amazon.com,new,Amazon.com,599.99,588.0,1,2012-08-13,UPS,588.0,48.51,636.51
261,2012-08-15,,Amazon.com,new,,14.0,14.0,1,2012-08-15,UPS,14.0,0.0,14.0
262,2012-08-18,SPORTS_OUTDOOR,Amazon.com,new,LastWorld,14.0,11.95,1,2012-08-19,UPS,11.95,0.0,11.95
263,2012-08-19,HEALTH_BEAUTY,Amazon.com,new,Amazon.com,25.99,13.97,1,2012-08-20,ONTRAC,13.97,0.0,13.97
264,2012-08-23,COMPUTER,Amazon.com,new,mimogram,11.99,11.99,1,2012-08-26,UPS,11.99,0.0,11.99
265,2012-08-23,HEALTH_BEAUTY,Amazon.com,new,Amazon.com,25.99,13.97,1,2012-08-26,UPS,13.97,1.15,15.12
267,2012-08-25,COMPUTER,Amazon.com,new,Amazon.com,12.95,3.79,1,2012-08-25,UPS,3.79,0.31,4.1
268,2012-08-25,BOOKS,Amazon.com,new,Books@Speed,52.04,52.04,1,2012-08-27,DHL,52.04,0.0,52.04
269,2012-08-25,BOOKS,Amazon.com,used mint,,99.0,55.0,1,2012-08-25,USPS,55.0,0.0,55.0
270,2012-08-25,BOOKS,Amazon.com,used verygood,Book_Holders,243.8,133.65,1,2012-08-27,USPS,133.65,0.0,133.65
271,2012-09-07,COMPUTER,Amazon.com,new,Cosmos Tech&Leisure,30.0,9.99,1,2012-09-09,UPS,9.99,0.0,9.99
272,2012-09-14,COMPUTER,Amazon.com,new,Amazon.com,22.7,12.82,1,2012-09-16,UPS,12.82,1.06,13.88
273,2012-09-15,COMPUTER,Amazon.com,new,Amazon.com,104.0,67.9,1,2012-09-15,UPS,67.9,5.6,73.5
274,2012-10-13,SPORTS_OUTDOOR,Amazon.com,new,niceeshop,4.48,4.48,1,2012-10-15,USPS,4.48,0.0,4.48
275,2012-10-13,SPORTS_OUTDOOR,Amazon.com,new,Amazon.com,10.95,7.21,1,2012-10-14,UPS,7.21,0.59,7.8
276,2012-10-13,SPORTS_OUTDOOR,Amazon.com,new,FixFind,16.99,6.99,1,2012-10-13,USPS,6.99,0.0,6.99
277,2012-10-13,SPORTS_OUTDOOR,Amazon.com,new,Amazon.com,8.42,9.66,1,2012-10-14,UPS,9.66,0.8,10.46
278,2012-10-14,HEALTH_BEAUTY,Amazon.com,new,Gossamer Blue,8.0,7.95,1,2012-10-14,UPS,7.95,0.0,7.95
279,2012-10-14,,Amazon.com,new,POTENT_SKINCARE,7.99,7.99,1,2012-10-15,UPS,7.99,0.0,7.99
280,2012-10-14,,Amazon.com,new,Undercover Condoms,4.49,5.95,1,2012-10-15,USPS,5.95,0.0,5.95
281,2012-10-14,HEALTH_BEAUTY,Amazon.com,new,TOTAL LINE,10.75,10.75,1,2012-10-16,USPS,10.75,0.0,10.75
282,2012-10-14,,Amazon.com,new,Amazon.com,249.99,141.75,1,2012-10-14,UPS,141.75,11.69,153.44
283,2012-10-23,,Amazon.com,new,Amazon.com,79.95,72.69,1,2012-10-23,UPS,72.69,6.0,78.69
284,2012-10-23,,Amazon.com,new,GrabAGun,93.05,93.05,1,2012-10-25,USPS,93.05,7.68,100.73
285,2012-10-23,SPORTS_OUTDOOR,Amazon.com,new,Amazon.com,26.99,21.61,1,2012-10-24,UPS,21.61,1.78,23.39
286,2012-10-27,SPORTS_OUTDOOR,Amazon.com,new,Amazon.com,18.88,16.1,1,2012-10-28,UPS,16.1,1.33,17.43
287,2012-10-27,HOME,Amazon.com,,Amazon.com,10.99,5.49,1,2012-10-28,UPS,5.49,0.45,5.94
288,2012-10-28,HOME,Amazon.com,new,ZogoSportz,8.99,7.59,1,2012-10-28,UPS,7.59,0.0,7.59
289,2012-10-28,HEALTH_BEAUTY,Amazon.com,new,Amazon.com,82.45,52.99,1,2012-10-28,UPS,52.99,0.0,52.99
290,2012-11-02,SPORTS_OUTDOOR,Amazon.com,new,Amazon.com,21.98,20.8,1,2012-11-03,UPS,20.8,1.72,22.52
291,2012-11-02,SPORTS_OUTDOOR,Amazon.com,new,Amazon.com,9.97,7.53,1,2012-11-03,UPS,7.53,0.62,8.15
292,2012-11-02,SPORTS_OUTDOOR,Amazon.com,new,Brian Enos Inc,11.95,11.95,1,2012-11-05,USPS,11.95,0.0,11.95
293,2012-11-02,SPORTS_OUTDOOR,Amazon.com,new,MIS Outdoors,10.0,7.66,2,2012-11-02,USPS,15.32,0.0,15.32
294,2012-11-02,SPORTS_OUTDOOR,Amazon.com,new,Amazon.com,11.49,10.7,1,2012-11-03,UPS,10.7,0.88,11.58
295,2012-11-20,OFFICE,Amazon.com,new,Amazon.com,6.49,5.78,1,2012-11-20,UPS,5.78,0.48,6.26
296,2012-11-24,HEALTH_BEAUTY,Amazon.com,new,Tuccini,52.0,11.99,1,2012-11-26,USPS,11.99,0.0,11.99
297,2012-12-07,TOOLS,Amazon.com,new,Amazon.com,11.96,11.37,1,2012-12-08,UPS,11.37,0.94,12.31
298,2012-12-07,OFFICE,Amazon.com,new,BSCstore,19.99,19.99,1,2012-12-08,UPS,19.99,0.0,19.99
299,2012-12-09,,Amazon.com,new,Amazon.com,25.99,19.95,1,2012-12-10,UPS,19.95,1.65,21.6
300,2012-12-09,SPORTS_OUTDOOR,Amazon.com,new,Amazon.com,60.0,9.63,1,2012-12-10,UPS,9.63,0.79,10.42
301,2012-12-09,HOME,Amazon.com,new,Life and Home,14.67,10.95,1,2012-12-09,UPS,10.95,0.0,10.95
302,2012-12-09,COMPUTER,Amazon.com,new,SF Planet,3.15,3.15,1,2012-12-11,USPS,3.15,0.0,3.15
303,2012-12-09,COMPUTER,Amazon.com,new,Amazon.com,14.95,8.84,1,2012-12-10,UPS,8.84,0.73,9.57
304,2012-12-13,COMPUTER,Amazon.com,new,,225.0,181.88,1,2012-12-13,UPS,181.88,0.0,181.88
305,2012-12-17,COMPUTER,Amazon.com,new,Amazon.com,14.95,8.65,1,2012-12-17,UPS,8.65,0.67,9.32
306,2012-12-17,ELECTRONICS,Amazon.com,new,Can I Cell You Something,29.99,4.95,1,2012-12-18,USPS,4.95,0.0,4.95
307,2012-12-17,,Amazon.com,new,YAN's warehouse,5.73,5.73,1,2012-12-17,USPS,5.73,0.0,5.73
308,2012-12-19,OFFICE,Amazon.com,new,BSCstore,19.99,19.99,1,2012-12-20,UPS,19.99,0.0,19.99
309,2012-12-19,COMPUTER,Amazon.com,new,CCMACCESSORIES,3.89,3.89,1,2012-12-19,USPS,3.89,0.0,3.89
310,2012-12-21,COMPUTER,Amazon.com,new,Amazon.com,69.99,24.99,1,2012-12-22,UPS,24.99,2.06,27.05
311,2012-12-22,,Amazon.com,new,American Tactical,16.99,16.99,2,2012-12-22,UPS,33.98,0.0,33.98
312,2012-12-22,SPORTS_OUTDOOR,Amazon.com,new,Amazon.com,21.99,17.77,1,2012-12-22,UPS,17.77,1.47,19.24
313,2012-12-28,BOOKS,Amazon.com,used verygood,,75.0,26.01,1,2012-12-29,USPS,26.01,0.0,26.01
314,2012-12-28,BOOKS,Amazon.com,new,Amazon.com,29.99,19.79,1,2012-12-29,UPS,19.79,1.63,21.42
315,2012-12-28,BOOKS,Amazon.com,new,Amazon.com,39.95,26.11,1,2012-12-29,UPS,26.11,2.15,28.26
316,2013-01-01,HOME,Amazon.com,new,Amazon.com,130.0,99.95,1,2013-01-02,UPS,99.95,8.25,108.2
317,2013-01-04,OFFICE,Amazon.com,new,Value Max,159.99,57.99,1,2013-01-04,FedEx,57.99,0.0,57.99
318,2013-01-08,,Amazon.com,new,Amazon.com,249.99,141.75,1,2013-01-09,ONTRAC,141.75,11.34,153.09
319,2013-01-16,,Amazon.com,new,MyOfficeInnovations,119.95,15.64,2,2013-01-18,UPS,31.28,2.58,33.86
320,2013-01-16,HEALTH_BEAUTY,Amazon.com,new,Super Safety Razors,28.77,28.77,1,2013-01-16,UPS,28.77,0.0,28.77
321,2013-01-16,HEALTH_BEAUTY,Amazon.com,new,Super Safety Razors,12.99,9.69,1,2013-01-16,UPS,9.69,0.0,9.69
322,2013-01-17,OFFICE,Amazon.com,new,Value Max,99.99,22.99,2,2013-01-17,FedEx,45.98,0.0,45.98
323,2013-01-20,HOME,Amazon.com,new,Amazon.com,12.99,11.17,1,2013-01-21,UPS,11.17,0.92,12.09
324,2013-01-24,HEALTH_BEAUTY,Amazon.com,new,,17.95,12.65,2,2013-01-25,UPS,25.3,0.0,25.3
325,2013-01-29,,Amazon.com,new,Everything Overstock,10.69,10.69,1,2013-01-30,USPS,10.69,0.0,10.69
326,2013-01-30,ELECTRONICS,Amazon.com,new,Onix Venture Group,49.99,14.99,1,2013-01-31,UPS,14.99,0.0,14.99
327,2013-01-31,,Amazon.com,new,"Rock Ridge Sales, Inc",9.99,3.42,1,2013-02-01,USPS,3.42,0.0,3.42
329,2013-02-08,SPORTS_OUTDOOR,Amazon.com,new,"Comfytopia, Inc",39.99,11.7,2,2013-02-10,UPS,23.4,0.0,23.4
330,2013-02-09,COMPUTER,Amazon.com,new,Amazon.com,154.0,144.99,1,2013-02-10,UPS,144.99,11.96,156.95
331,2013-02-09,ELECTRONICS,Amazon.com,new,Amazon.com,199.0,114.11,1,2013-02-10,ONTRAC,114.11,9.13,123.24
332,2013-02-09,,Amazon.com,new,Amazon.com,249.99,148.13,1,2013-02-10,ONTRAC,148.13,11.85,159.98
333,2013-02-10,GIFT_CARD,Amazon.com,new,Amazon.com,50.0,18.0,1,2013-02-10,,18.0,0.0,18.0
334,2013-02-10,GIFT_CARD,Amazon.com,new,Amazon.com,50.0,30.1,1,2013-02-10,,30.1,0.0,30.1
335,2013-02-15,,Amazon.com,new,BuyBelowSale,15.65,15.65,4,2013-02-18,USPS,62.6,0.0,62.6
336,2013-02-16,COMPUTER,Amazon.com,new,Amazon.com,27.99,8.43,1,2013-02-17,UPS,8.43,0.7,9.13
337,2013-02-16,ENTERTAINMENT,Amazon.com,new,Cool Stuff Place,39.95,28.99,1,2013-02-17,UPS,28.99,0.0,28.99
338,2013-02-26,COMPUTER,Amazon.com,new,Amazon.com,27.99,10.03,1,2013-02-26,UPS,10.03,0.83,10.86
339,2013-02-26,COMPUTER,Amazon.com,new,1D4US,42.99,11.6,1,2013-02-27,USPS,11.6,0.0,11.6
340,2013-03-01,ELECTRONICS,Amazon.com,new,Amazon.com,29.99,15.99,1,2013-03-03,UPS,15.99,1.32,17.31
341,2013-03-09,COMPUTER,Amazon.com,new,Komputerbay,99.0,99.0,1,2013-03-11,USPS,99.0,0.0,99.0
342,2013-03-11,COMPUTER,Amazon.com,new,Amazon.com,22.7,13.99,1,2013-03-11,UPS,13.99,1.15,15.14
343,2013-03-11,COMPUTER,Amazon.com,new,Amazon.com,128.7,91.17,1,2013-03-12,UPS,91.17,7.52,98.69
344,2013-03-11,ELECTRONICS,Amazon.com,new,Importer520  ( USA Seller ),24.99,4.18,1,2013-03-12,UPS,4.18,0.0,4.18
345,2013-03-11,,Amazon.com,new,Amazon.com,189.99,137.63,1,2013-03-12,UPS,137.63,11.35,148.98
346,2013-03-13,ELECTRONICS,Amazon.com,new,Amazon.com,9.99,7.95,1,2013-03-13,USPS,7.95,0.66,8.61
347,2013-03-21,OFFICE,Amazon.com,new,SELL BELOW COST,149.95,89.99,1,2013-03-21,FedEx,89.99,0.0,89.99
348,2013-03-21,,Amazon.com,new,Amazon.com,6.99,6.99,1,2013-03-21,FedEx,6.99,0.58,7.57
349,2013-03-21,COMPUTER,Amazon.com,new,Amazon.com,164.99,143.99,1,2013-03-21,FedEx,143.99,11.88,155.87
350,2013-03-21,COMPUTER,Amazon.com,new,Amazon.com,29.99,23.1,1,2013-03-21,FedEx,23.1,1.91,25.01
351,2013-03-21,COMPUTER,Amazon.com,new,Plugable Technologies,99.99,59.95,1,2013-03-21,FedEx,59.95,0.0,59.95
352,2013-03-24,HEALTH_BEAUTY,Amazon.com,new,BuyHerbs,54.95,24.95,1,2013-03-26,USPS,24.95,0.0,24.95
353,2013-05-03,,Amazon.com,new,2020Products,17.99,3.98,1,2013-05-05,USPS,3.98,0.0,3.98
355,2013-06-13,,Amazon.com,new,Amazon.com,49.99,44.71,1,2013-06-13,USPS,44.71,3.8,48.51
356,2013-06-24,COMPUTER,Amazon.com,new,Amazon.com,76.64,51.99,1,2013-06-24,ONTRAC,51.99,4.42,56.41
360,2013-07-23,HEALTH_BEAUTY,Amazon.com,new,,17.95,12.79,2,2013-07-24,USPS,25.58,0.0,25.58
361,2013-08-01,HOME,Amazon.com,new,Amazon.com,7.48,8.24,1,2013-08-01,FedEx Smartpost ,8.24,0.58,8.82
366,2013-08-05,HOME,Amazon.com,new,Amazon.com,39.99,17.88,1,2013-08-05,LASERSHIP,17.88,1.25,19.13
367,2013-08-09,ELECTRONICS,Amazon.com,new,Amazon.com,9.52,8.5,1,2013-08-10,UPS,8.5,0.6,9.1
368,2013-08-09,HOME,Amazon.com,new,SELL BELOW COST,15.0,6.97,2,2013-08-10,UPS,13.94,0.0,13.94
370,2013-08-09,HOME,Amazon.com,new,Amazon.com,16.99,6.77,1,2013-08-10,UPS,6.77,0.47,7.24
371,2013-08-13,HEALTH_BEAUTY,Amazon.com,new,Amazon.com,57.0,25.05,1,2013-08-14,UPS,25.05,1.75,26.8
372,2013-08-15,HOME,Amazon.com,new,Amazon.com,32.91,9.66,1,2013-08-15,USPS,9.66,0.68,10.34
373,2013-08-21,ELECTRONICS,Amazon.com,new,Amazon.com,49.0,33.09,1,2013-08-22,USPS,33.09,2.32,35.41
374,2013-08-21,HOME,Amazon.com,new,HDE,23.99,7.99,1,2013-08-22,USPS,7.99,0.0,7.99
375,2013-08-21,,Amazon.com,new,SELL BELOW COST,19.95,13.15,1,2013-08-22,USPS,13.15,0.0,13.15
377,2013-08-26,HOME,Amazon.com,new,Space with Taste,14.99,9.99,1,2013-08-26,UPS,9.99,0.7,10.69
378,2013-08-30,HOME,Amazon.com,new,Amazon.com,209.99,196.5,1,2013-09-03,UPS,196.5,13.76,210.26
379,2013-08-30,HOME,Amazon.com,new,Amazon.com,14.99,7.97,1,2013-08-30,LASERSHIP,7.97,0.56,8.53
380,2013-08-31,HOME,Amazon.com,new,Space with Taste,14.99,9.99,1,2013-08-31,FedEx Smartpost ,9.99,0.7,10.69
383,2013-09-30,OFFICE,Amazon.com,new,Amazon.com,51.95,22.49,1,2013-10-01,USPS,22.49,1.57,24.06
386,2013-10-05,HOME,Amazon.com,new,Amazon.com,139.99,119.0,1,2013-10-07,UPS,119.0,8.33,127.33
389,2013-10-09,OFFICE,Amazon.com,new,Amazon.com,2.79,2.49,1,2013-10-09,UPS,2.49,0.17,2.66
390,2013-10-09,TOOLS,Amazon.com,new,Amazon.com,3.19,3.49,1,2013-10-09,UPS,3.49,0.24,3.73
391,2013-10-09,ELECTRONICS,Amazon.com,new,Amazon.com,7.26,4.39,1,2013-10-09,UPS,4.39,0.31,4.7
392,2013-10-09,,Amazon.com,new,HitLights,9.99,5.97,1,2013-10-09,UPS,5.97,0.0,5.97
393,2013-10-09,,Amazon.com,new,Amazon.com,16.99,12.09,1,2013-10-09,UPS,12.09,0.85,12.94
396,2013-10-16,HEALTH_BEAUTY,Amazon.com,new,Amazon.com,14.99,8.79,1,2013-10-17,USPS,8.79,0.0,8.79
398,2013-10-16,ELECTRONICS,Amazon.com,new,Amazon.com,49.99,21.63,1,2013-10-17,USPS,21.63,1.51,23.14
399,2013-10-17,HOME,Amazon.com,new,Amazon.com,7.49,8.22,1,2013-10-17,USPS,8.22,0.58,8.8
400,2013-10-18,TOOLS,Amazon.com,new,Amazon.com,40.99,32.58,1,2013-10-19,UPS,32.58,2.28,34.86
401,2013-10-18,HOME,Amazon.com,new,Best Home Fashion,39.99,22.99,1,2013-10-19,UPS,22.99,1.61,24.6
402,2013-11-02,HOME,Amazon.com,new,Amazon.com,19.99,20.99,1,2013-11-02,USPS,20.99,1.47,22.46
403,2013-11-12,,Amazon.com,new,POWERGEN,39.99,13.99,1,2013-11-13,USPS,13.99,0.0,13.99
404,2013-11-12,HOME,Amazon.com,new,Amazon.com,62.99,49.99,1,2013-11-13,USPS,49.99,3.5,53.49
406,2013-11-20,COMPUTER,Amazon.com,new,Amazon.com,134.99,94.99,1,2013-11-21,USPS,94.99,6.65,101.64
407,2013-11-20,COMPUTER,Amazon.com,new,Cable Matters,24.99,11.99,1,2013-11-21,USPS,11.99,0.0,11.99
408,2013-11-21,ELECTRONICS,Amazon.com,new,Amazon.com,87.99,76.89,1,2013-11-21,USPS,76.89,5.38,82.27
410,2013-11-22,HOME,Amazon.com,new,Amazon.com,5.99,2.52,1,2013-11-23,USPS,2.52,0.13,2.65
411,2013-11-22,HEALTH_BEAUTY,Amazon.com,new,Wellica Inc,17.95,12.59,2,2013-11-23,USPS,25.18,0.0,25.18
412,2013-11-22,OFFICE,Amazon.com,new,Amazon.com,99.0,85.24,1,2013-11-24,UPS,85.24,4.3,89.54
414,2013-11-26,ELECTRONICS,Amazon.com,new,Amazon.com,119.99,67.24,1,2013-11-27,USPS,67.24,4.71,71.95
415,2013-11-28,HOME,Amazon.com,new,Amazon.com,5.99,2.55,3,2013-11-29,FedEx,7.65,0.54,8.19
416,2013-11-28,,Amazon.com,new,Amazon.com,49.99,19.99,1,2013-11-29,FedEx,19.99,1.4,21.39
417,2013-11-28,COMPUTER,Amazon.com,new,Amazon.com,269.99,212.99,1,2013-11-29,FedEx,212.99,14.91,227.9
418,2013-11-28,BOOKS,Amazon.com,new,Amazon.com,34.95,27.06,1,2013-11-29,USPS,27.06,1.89,28.95
419,2013-11-28,BOOKS,Amazon.com,new,Amazon.com,19.95,15.22,1,2013-11-29,USPS,15.22,1.07,16.29
420,2013-12-08,HOME,Amazon.com,new,Amazon.com,59.99,54.99,1,2013-12-09,LASERSHIP,54.99,2.14,57.13
421,2013-12-15,TOOLS,Amazon.com,new,Anything Powersports,117.95,105.74,1,2013-12-19,UPS,105.74,0.0,105.74
423,2013-12-24,BOOKS,Amazon.com,new,Amazon.com,16.0,10.93,1,2013-12-26,LASERSHIP,10.93,0.77,11.7
424,2013-12-24,BOOKS,Amazon.com,used good,ThriftBooks - Sierra Nevada,17.0,0.02,1,2013-12-24,USPS,0.02,0.0,0.02
425,2013-12-24,BOOKS,Amazon.com,new,Amazon.com,27.0,17.76,1,2013-12-26,LASERSHIP,17.76,1.24,19.0
427,2013-12-30,OTHER,Amazon.com,new,Everydaysource,3.41,0.21,1,2014-01-01,DHL Global Mail,0.21,0.0,0.21
428,2013-12-30,BOOKS,Amazon.com,used verygood,Better World Books,24.95,4.19,1,2013-12-31,USPS,4.19,0.0,4.19
429,2013-12-30,BOOKS,Amazon.com,used verygood,excelsior60,19.95,11.0,1,2013-12-30,USPS,11.0,0.0,11.0
431,2014-01-13,TOOLS,Amazon.com,new,Amazon.com,7.0,5.88,1,2014-01-14,USPS,5.88,0.41,6.29
432,2014-01-13,BOOKS,Amazon.com,new,Amazon.com,21.95,15.6,1,2014-01-14,USPS,15.6,1.09,16.69
433,2014-01-13,HOME,Amazon.com,new,Amazon.com,6.99,3.99,1,2014-01-14,USPS,3.99,0.28,4.27
434,2014-01-23,OTHER,Amazon.com,new,G2LIFE,10.59,0.14,1,2014-01-23,China Post,0.14,0.0,0.14
435,2014-02-03,HOME,Amazon.com,new,Amazon.com,249.99,219.99,1,2014-02-04,UPS,219.99,15.4,235.39
436,2014-02-08,APPAREL,Amazon.com,new,Amazon.com,59.0,46.63,1,2014-02-09,USPS,46.63,0.0,46.63
437,2014-02-09,APPAREL,Amazon.com,new,Amazon.com,69.95,55.31,1,2014-02-10,USPS,55.31,0.0,55.31
438,2014-03-06,HOME,Amazon.com,new,Amazon.com,99.0,86.71,1,2014-03-06,USPS,86.71,6.07,92.78
440,2014-03-14,HOME,Amazon.com,new,Amazon.com,16.99,11.97,1,2014-03-14,USPS,11.97,0.84,12.81
441,2014-03-14,HOME,Amazon.com,new,Ebuy4less,39.5,18.99,1,2014-03-14,USPS,18.99,0.0,18.99
442,2014-03-18,SPORTS_OUTDOOR,Amazon.com,new,High Sierra Store,320.0,121.43,1,2014-03-19,USPS,121.43,8.5,129.93
443,2014-03-20,APPAREL,Amazon.com,new,Amazon.com,110.0,97.99,1,2014-03-20,UPS,97.99,0.0,97.99
444,2014-04-11,SPORTS_OUTDOOR,Amazon.com,new,Wow N.P.,138.0,119.99,1,2014-04-11,USPS,119.99,0.0,119.99
445,2014-07-08,BOOKS,Amazon.com,used good,apex_media,42.95,14.88,1,2014-07-08,USPS,14.88,1.04,15.92
446,2014-07-12,GIFT_CARD,Amazon.com,new,Amazon.com,50.0,100.0,1,2014-07-12,,100.0,0.0,100.0
447,2014-07-12,BOOKS,Amazon.com,new,Amazon.com,44.99,33.77,1,2014-07-13,USPS,33.77,2.36,36.13
448,2014-07-12,BOOKS,Amazon.com,new,Amazon.com,24.99,16.84,1,2014-07-13,USPS,16.84,1.18,18.02
449,2014-08-14,GIFT_CARD,Amazon.com,new,Amazon.com,50.0,47.81,1,2014-08-14,,47.81,0.0,47.81
450,2014-09-02,APPAREL,Amazon.com,new,Amazon.com,200.0,195.0,1,2014-09-02,USPS,195.0,0.0,195.0
451,2014-09-04,BOOKS,Amazon.com,new,Amazon.com,148.0,85.84,1,2014-09-05,USPS,85.84,6.01,91.85
452,2014-09-04,BOOKS,Amazon.com,new,Amazon.com,19.95,12.64,1,2014-09-05,USPS,12.64,0.88,13.52
453,2014-09-06,BOOKS,Amazon.com,new,Amazon.com,20.99,14.69,1,2014-09-06,USPS,14.69,1.03,15.72
454,2014-09-06,BOOKS,Amazon.com,new,Amazon.com,39.99,29.5,1,2014-09-06,USPS,29.5,2.07,31.57
456,2014-09-23,APPAREL,Amazon.com,new,DARYA TRADING INC,698.0,199.0,1,2014-09-24,USPS,199.0,0.0,199.0
457,2014-09-25,APPAREL,Amazon.com,new,Amazon.com,120.0,78.0,1,2014-09-26,USPS,78.0,0.0,78.0
458,2014-09-25,APPAREL,Amazon.com,new,Amazon.com,120.0,78.0,1,2014-09-26,USPS,78.0,0.0,78.0
459,2014-09-28,APPAREL,Amazon.com,new,Amazon.com,12.0,9.99,1,2014-09-29,USPS,9.99,0.0,9.99
460,2014-10-08,HOME,Amazon.com,new,Amazon.com,24.99,19.95,1,2014-10-10,FedEx,19.95,1.4,21.35
462,2014-10-09,OTHER,Amazon.com,new,Fanmis Watch,33.99,1.58,1,2014-10-11,4PX,1.58,0.0,1.58
464,2014-10-11,OTHER,Amazon.com,new,Kuldip LTD,19.99,3.49,1,2014-10-12,Royal Mail,3.49,0.0,3.49
465,2014-10-11,,Amazon.com,new,Kuldip LTD,19.99,3.49,1,2014-10-12,Royal Mail,3.49,0.0,3.49
466,2014-10-11,OTHER,Amazon.com,new,Go Commando Gear,13.99,4.79,1,2014-10-13,USPS,4.79,0.0,4.79
467,2014-10-16,HEALTH_BEAUTY,Amazon.com,new,Amazon.com,8.99,3.49,1,2014-10-17,USPS,3.49,0.0,3.49
468,2014-10-16,HOME,Amazon.com,new,Amazon.com,14.99,14.99,1,2014-10-17,USPS,14.99,1.05,16.04
469,2014-10-16,,Amazon.com,new,Deerso,40.28,19.4,1,2014-10-17,USPS,19.4,0.0,19.4
470,2014-10-16,OTHER,Amazon.com,new,Go Commando Gear,13.99,4.79,1,2014-10-17,USPS,4.79,0.0,4.79
472,2014-10-23,OTHER,Amazon.com,new,G2LIFE,23.99,1.69,1,2014-10-24,China Post,1.69,0.0,1.69
473,2014-10-23,OTHER,Amazon.com,new,FishingForDeals,9.99,1.58,1,2014-10-25,Hong Kong Post,1.58,0.0,1.58
474,2014-10-24,APPAREL,Amazon.com,new,Amazon.com,200.0,156.58,1,2014-10-25,USPS,156.58,0.0,156.58
475,2014-11-01,OTHER,Amazon.com,new,Eforcity,29.9,3.38,1,2014-11-03,DHL Global Mail,3.38,0.0,3.38
477,2014-11-03,TOOLS,Amazon.com,new,Amazon.com,20.76,16.98,1,2014-11-04,USPS,16.98,1.44,18.42
478,2014-11-03,TOOLS,Amazon.com,new,Micro-Tools,5.32,5.18,1,2014-11-04,USPS,5.18,0.39,5.57
482,2014-12-14,,Amazon.com,new,AmericaRx,7.95,6.65,1,2014-12-15,USPS,6.65,0.0,6.65
483,2014-12-21,ENTERTAINMENT,Amazon.com,new,Amazon.com Services LLC,19.99,4.99,1,2014-12-21,,4.99,0.35,5.34
484,2014-12-22,HEALTH_BEAUTY,Amazon.com,new,dzt1968 ‚òÄChristmas discounts up to 90%,8.87,2.71,1,2014-12-22,Other,2.71,0.0,2.71
485,2014-12-22,HEALTH_BEAUTY,Amazon.com,new,"Rock Ridge Sales, Inc",4.19,4.93,1,2014-12-24,USPS,4.93,0.0,4.93
487,2014-12-29,ELECTRONICS,Amazon.com,new,ColorYourLife,11.99,6.99,1,2014-12-30,USPS,6.99,0.0,6.99
488,2014-12-30,COMPUTER,Amazon.com,new,VicTsingDirect,49.99,15.99,1,2014-12-31,USPS,15.99,0.0,15.99
490,2015-01-15,ELECTRONICS,Amazon.com,new,"Wireless Experts, Inc.",79.99,21.54,1,2015-01-16,USPS,21.54,1.83,23.37
492,2015-01-31,COMPUTER,Amazon.com,new,Patozon,29.99,15.99,1,2015-01-31,USPS,15.99,0.0,15.99
493,2015-02-03,OTHER,Amazon.com,new,Amazon.com,120.0,50.99,1,2015-02-04,UPS,50.99,3.57,54.56
496,2015-02-15,TOOLS,Amazon.com,new,TriStateValue,7.23,6.35,1,2015-02-15,USPS,6.35,0.0,6.35
497,2015-02-15,HOME,Amazon.com,new,Insole Dept,3.83,6.59,1,2015-02-18,USPS,6.59,0.0,6.59
498,2015-02-17,HEALTH_BEAUTY,Amazon.com,new,,17.95,13.95,2,2015-02-17,USPS,27.9,0.0,27.9
499,2015-03-15,HOME,Amazon.com,new,Amazon.com,29.89,13.79,1,2015-03-15,USPS,13.79,0.97,14.76
500,2015-03-15,APPAREL,Amazon.com,new,Amazon.com,400.0,241.92,1,2015-03-15,USPS,241.92,0.0,241.92
503,2015-04-04,OTHER,Amazon.com,new,Eforcity,19.99,3.29,2,2015-04-06,DHL Global Mail,6.58,0.0,6.58
506,2015-04-21,OTHER,Amazon.com,new,Eforcity,19.99,3.29,2,2015-04-22,DHL Global Mail,6.58,0.0,6.58
507,2015-04-21,HEALTH_BEAUTY,Amazon.com,new,Naturtint USA,107.94,41.94,1,2015-04-22,USPS,41.94,0.0,41.94
508,2015-04-29,BOOKS,Amazon.com,used mint,Owls Book Sales,70.0,18.55,1,2015-04-30,DHL Global Mail,18.55,0.0,18.55
509,2015-04-30,BOOKS,Amazon.com,used mint,Used Books Outlet,17.0,0.01,1,2015-05-01,DHL Global Mail,0.01,0.0,0.01
510,2015-05-02,BOOKS,Amazon.com,used mint,ThriftBooks - Squared,14.99,0.58,1,2015-05-04,DHL Global Mail,0.58,0.0,0.58
511,2015-05-09,TOOLS,Amazon.com,new,Amazon.com,22.09,17.72,1,2015-05-10,USPS,17.72,1.24,18.96
512,2015-05-09,TOOLS,Amazon.com,new,Amazon.com,30.67,19.95,1,2015-05-10,USPS,19.95,1.4,21.35
513,2015-05-09,TOOLS,Amazon.com,new,Amazon.com,37.14,13.37,1,2015-05-10,USPS,13.37,0.94,14.31
514,2015-05-09,TOOLS,Amazon.com,new,Amazon.com,22.09,15.58,1,2015-05-10,USPS,15.58,1.09,16.67
515,2015-05-09,TOOLS,Amazon.com,new,Amazon.com,25.76,16.29,1,2015-05-10,USPS,16.29,1.14,17.43
516,2015-05-18,HOME,Amazon.com,new,Ebuy4less,39.5,18.99,1,2015-05-19,USPS,18.99,0.0,18.99
517,2015-05-19,HOME,Amazon.com,new,Ebuy4less,39.5,18.99,1,2015-05-19,USPS,18.99,0.0,18.99
519,2015-06-07,BOOKS,Amazon.com,used mint,indoobestsellers,22.0,3.8,1,2015-06-09,USPS,3.8,0.0,3.8
520,2015-06-15,BOOKS,Amazon.com,used verygood,4books7,13.0,5.0,1,2015-06-16,USPS,5.0,0.0,5.0
521,2015-06-16,BOOKS,Amazon.com,used mint,ThriftBooks - Silver Arch,30.0,0.04,1,2015-06-17,OSM,0.04,0.0,0.04
522,2015-06-16,BOOKS,Amazon.com,used verygood,Housing Works Online Bookstore,17.0,1.16,1,2015-06-17,Other,1.16,0.0,1.16
523,2015-06-18,BOOKS,Amazon.com,new,Amazon.com,3.0,1.0,1,2015-06-19,USPS,1.0,0.07,1.07
525,2015-07-12,HEALTH_BEAUTY,Amazon.com,new,ZogoSportz,89.99,49.99,1,2015-07-12,AMZN_US,49.99,0.0,49.99
526,2015-07-21,HOME,Amazon.com,new,Amazon.com,33.4,14.88,1,2015-07-21,USPS,14.88,1.04,15.92
527,2015-07-21,HOME,Amazon.com,new,Amazon.com,41.39,22.24,1,2015-07-21,USPS,22.24,1.42,23.66
528,2015-07-21,HEALTH_BEAUTY,Amazon.com,new,Amazon.com,21.21,13.38,3,2015-07-21,USPS,40.14,0.0,40.14
529,2015-07-24,BOOKS,Amazon.com,used verygood,BigHeartedBooks,19.95,4.54,1,2015-07-26,USPS,4.54,0.0,4.54
530,2015-07-24,SPORTS_OUTDOOR,Amazon.com,new,Amazon.com,25.99,21.22,1,2015-07-24,AMZN_US,21.22,1.49,22.71
531,2015-07-24,BOOKS,Amazon.com,used mint,Juni.0614,301.95,10.0,1,2015-07-27,USPS,10.0,0.0,10.0
532,2015-07-24,BOOKS,Amazon.com,used good,ThriftBooks - Yankee Clipper,66.95,1.78,1,2015-07-27,DHL Global Mail,1.78,0.0,1.78
533,2015-07-24,BOOKS,Amazon.com,used mint,Holistic Distribution,14.0,6.99,1,2015-07-26,USPS,6.99,0.0,6.99
535,2015-08-18,HEALTH_BEAUTY,Amazon.com,new,Amazon.com,14.99,7.69,1,2015-08-19,USPS,7.69,0.0,7.69
536,2015-08-18,HEALTH_BEAUTY,Amazon.com,new,Amazon.com,23.99,11.97,1,2015-08-19,USPS,11.97,0.0,11.97
537,2015-08-18,HEALTH_BEAUTY,Amazon.com,new,Amazon.com,14.99,7.99,1,2015-08-19,USPS,7.99,0.0,7.99
538,2015-08-18,ELECTRONICS,Amazon.com,new,Amazon.com,39.99,22.99,1,2015-08-19,USPS,22.99,1.61,24.6
539,2015-08-18,HEALTH_BEAUTY,Amazon.com,new,Amazon.com,18.99,10.39,1,2015-08-19,USPS,10.39,0.0,10.39
540,2015-08-18,COMPUTER,Amazon.com,new,KabelDirekt Products,8.99,8.99,1,2015-08-19,USPS,8.99,0.0,8.99
541,2015-08-22,COMPUTER,Amazon.com,new,Amazon.com,5.09,4.49,1,2015-08-22,AMZN_US,4.49,0.31,4.8
543,2015-08-22,,Amazon.com,new,iXCC,19.99,5.99,1,2015-08-24,UPS,5.99,0.0,5.99
545,2015-09-05,,Amazon.com,new,aLLreLi,39.98,10.99,1,2015-09-06,AMZN_US,10.99,0.0,10.99
549,2015-09-19,COMPUTER,Amazon.com,new,Cable Matters,22.99,9.99,1,2015-09-20,USPS,9.99,0.0,9.99
550,2015-09-29,BOOKS,Amazon.com,new,Amazon.com,49.99,26.27,1,2015-09-29,USPS,26.27,1.84,28.11
553,2015-10-19,HEALTH_BEAUTY,Amazon.com,new,Amazon.com,23.99,11.97,2,2015-10-19,USPS,23.94,0.0,23.94
555,2015-10-28,ELECTRONICS,Amazon.com,new,Big Illusion Jewelry Pack,9.95,3.04,1,2015-10-28,USPS,3.04,0.0,3.04
556,2015-10-31,HEALTH_BEAUTY,Amazon.com,new,Plant Guru Inc.,8.99,8.99,1,2015-11-02,USPS,8.99,0.63,9.62
557,2015-11-09,HOME,Amazon.com,new,Amazon.com,6.99,6.99,1,2015-11-10,USPS,6.99,0.49,7.48
559,2015-12-02,OFFICE,Amazon.com,new,Amazon.com,11.99,10.58,1,2015-12-02,USPS,10.58,0.74,11.32
560,2015-12-02,TOOLS,Amazon.com,new,Amazon.com,4.19,3.47,1,2015-12-02,USPS,3.47,0.24,3.71
561,2015-12-02,,Amazon.com,new,BlueMart,10.52,7.17,1,2015-12-02,USPS,7.17,0.0,7.17
562,2015-12-07,HOME,Amazon.com,new,Amazon.com,92.0,45.99,1,2015-12-07,UPS,45.99,3.22,49.21
563,2015-12-11,HOME,Amazon.com,new,Amazon.com,92.0,45.99,1,2015-12-11,USPS,45.99,3.22,49.21
567,2015-12-17,OTHER,Amazon.com,new,Warmen Gloves,129.0,33.99,1,2015-12-17,USPS,33.99,0.0,33.99
568,2015-12-17,OTHER,Amazon.com,new,Warmen Gloves,129.0,33.99,1,2015-12-20,UPS,33.99,0.0,33.99
569,2015-12-23,GIFT_CARD,Amazon.com,new,Amazon.com,50.0,50.0,1,2015-12-23,,50.0,0.0,50.0
571,2015-12-29,HEALTH_BEAUTY,Amazon.com,new,Amazon.com,69.99,59.95,1,2015-12-29,LASERSHIP,59.95,4.2,64.15
576,2016-01-19,APPAREL,Amazon.com,new,Amazon.com,100.0,70.58,1,2016-01-19,USPS,70.58,0.0,70.58
577,2016-01-19,APPAREL,Amazon.com,new,Amazon.com,100.0,73.4,1,2016-01-19,UPS,73.4,0.0,73.4
578,2016-01-21,COMPUTER,Amazon.com,new,Caseology Official Store,19.99,8.99,1,2016-01-26,AMZN_US,8.99,0.0,8.99
579,2016-02-02,HEALTH_BEAUTY,Amazon.com,new,Amazon.com,21.99,19.97,2,2016-02-03,LASERSHIP,39.94,2.8,42.74
581,2016-02-15,COMPUTER,Amazon.com,new,Amazon.com,21.91,11.09,1,2016-02-21,USPS,11.09,0.78,11.87
584,2016-02-24,ELECTRONICS,Amazon.com,new,Amazon.com,4.99,4.45,1,2016-02-26,AMZN_US,4.45,0.31,4.76
585,2016-02-24,COMPUTER,Amazon.com,new,Amazon.com,24.99,9.89,1,2016-02-25,UPS,9.89,0.69,10.58
586,2016-02-24,COMPUTER,Amazon.com,new,Amazon.com,119.99,74.99,1,2016-02-26,AMZN_US,74.99,5.25,80.24
587,2016-02-24,COMPUTER,Amazon.com,new,Store4PC,14.99,6.99,1,2016-02-26,AMZN_US,6.99,0.0,6.99
588,2016-02-26,HEALTH_BEAUTY,Amazon.com,new,Amazon.com,17.53,11.49,1,2016-02-27,AMZN_US,11.49,0.8,12.29
589,2016-02-29,COMPUTER,Amazon.com,new,Amazon.com,109.0,65.59,1,2016-02-29,USPS,65.59,4.59,70.18
591,2016-02-29,,Amazon.com,new,Big Blue Supplies,5.95,7.99,1,2016-02-29,USPS,7.99,0.0,7.99
592,2016-03-01,COMPUTER,Amazon.com,new,Store4PC,24.99,9.99,1,2016-03-02,USPS,9.99,0.0,9.99
593,2016-03-03,,Amazon.com,new,EAmazing,47.0,7.49,1,2016-03-04,USPS,7.49,0.0,7.49
594,2016-03-03,COMPUTER,Amazon.com,new,Amazon.com,177.99,63.98,1,2016-03-04,AMZN_US,63.98,4.48,68.46
598,2016-03-14,COMPUTER,Amazon.com,new,Amazon.com,119.99,79.99,1,2016-03-14,UPS,79.99,5.6,85.59
599,2016-03-18,ELECTRONICS,Amazon.com,new,Claybox Limited US,32.99,10.99,1,2016-03-19,AMZN_US,10.99,0.0,10.99
600,2016-03-24,SPORTS_OUTDOOR,Amazon.com,new,Fittest Pro USA,29.99,17.99,1,2016-03-26,USPS,17.99,0.0,17.99
602,2016-03-27,HEALTH_BEAUTY,Amazon.com,new,Amazon.com,18.99,9.28,1,2016-03-28,UPS,9.28,0.0,9.28
603,2016-03-27,HEALTH_BEAUTY,Amazon.com,new,Amazon.com,14.99,8.99,1,2016-03-28,AMZN_US,8.99,0.0,8.99
604,2016-03-27,HEALTH_BEAUTY,Amazon.com,new,Amazon.com,23.99,11.32,2,2016-03-28,UPS,22.64,0.0,22.64
605,2016-03-28,APPAREL,Amazon.com,new,Teslagear USA,79.98,9.98,1,2016-03-28,AMZN_US,9.98,0.0,9.98
606,2016-03-28,APPAREL,Amazon.com,new,Teslagear USA,79.98,9.98,1,2016-03-31,USPS,9.98,0.0,9.98
607,2016-03-28,APPAREL,Amazon.com,new,Teslagear USA,79.98,9.98,1,2016-03-28,AMZN_US,9.98,0.0,9.98
608,2016-04-17,HEALTH_BEAUTY,Amazon.com,new,Nutri Catalog,21.4,12.82,1,2016-04-18,AMZN_US,12.82,0.0,12.82
609,2016-04-18,HEALTH_BEAUTY,Amazon.com,new,Amazon.com,24.49,14.82,1,2016-04-19,AMZN_US,14.82,1.04,15.86
611,2016-04-22,HEALTH_BEAUTY,Amazon.com,new,Amazon.com,24.47,11.0,1,2016-04-23,AMZN_US,11.0,0.0,11.0
612,2016-04-22,APPAREL,Amazon.com,new,S Gear,79.98,9.98,1,2016-04-23,AMZN_US,9.98,0.0,9.98
615,2016-05-05,HOME,Amazon.com,new,Amazon.com,44.0,27.49,1,2016-05-06,AMZN_US,27.49,1.92,29.41
619,2016-06-26,SPORTS_OUTDOOR,Amazon.com,new,Amazon.com,11.99,7.99,1,2016-06-26,AMZN_US,7.99,0.56,8.55
626,2016-11-22,HEALTH_BEAUTY,Amazon.com,new,Amazon.com,19.99,9.99,1,2016-11-22,AMZN_US,9.99,0.7,10.69
627,2016-11-22,HOME,Amazon.com,new,Amazon.com,10.99,10.0,1,2016-11-22,AMZN_US,10.0,0.7,10.7
628,2016-11-24,BOOKS,Amazon.com,new,Amazon.com,21.95,13.24,1,2016-11-25,USPS,13.24,0.57,13.81
629,2016-11-24,BOOKS,Amazon.com,new,Amazon.com,17.0,9.55,1,2016-11-25,USPS,9.55,0.41,9.96
630,2016-11-24,BOOKS,Amazon.com,new,Amazon.com,3.0,3.0,1,2016-11-25,USPS,3.0,0.13,3.13
632,2016-11-28,GROCERY,Amazon.com,new,Amazon.com,26.04,15.6,1,2016-11-29,AMZN_US,15.6,0.0,15.6
633,2017-02-02,GROCERY,Amazon.com,new,Amazon.com,31.92,17.94,1,2017-02-02,AMZN_US,17.94,0.0,17.94
634,2017-02-02,HEALTH_BEAUTY,Amazon.com,new,Amazon.com,23.99,10.36,2,2017-02-02,USPS,20.72,0.0,20.72
635,2017-02-02,ELECTRONICS,Amazon.com,new,Amazon.com,99.0,69.99,1,2017-02-02,AMZN_US,69.99,4.81,74.8
636,2017-02-06,ELECTRONICS,Amazon.com,new,Amazon.com,18.95,10.09,1,2017-02-06,AMZN_US,10.09,0.69,10.78
637,2017-02-16,APPAREL,Amazon.com,new,Teslagear Inc.,89.98,12.98,1,2017-02-16,AMZN_US,12.98,0.0,12.98
639,2017-02-20,APPAREL,Amazon.com,new,Teslagear Inc.,89.98,12.98,1,2017-02-20,AMZN_US,12.98,0.0,12.98
640,2017-03-05,HOME,Amazon.com,new,GeeG,34.99,10.99,1,2017-03-06,AMZN_US,10.99,0.0,10.99
641,2017-03-23,GIFT_CARD,Amazon.com,new,Amazon.com,50.0,25.0,1,2017-03-23,,25.0,0.0,25.0
642,2017-04-05,GROCERY,Amazon.com,new,Amazon.com,44.99,22.19,1,2017-04-06,AMZN_US,22.19,0.0,22.19
643,2017-04-06,HEALTH_BEAUTY,Amazon.com,new,A M K,6.89,9.47,1,2017-04-09,UPS,9.47,0.0,9.47
644,2017-04-06,BOOKS,Amazon.com,new,Amazon.com,23.0,15.32,1,2017-04-09,UPS,15.32,1.05,16.37
645,2017-04-09,GROCERY,Amazon.com,new,Amazon.com,2.09,1.48,2,2017-04-10,USPS,2.96,0.0,2.96
647,2017-04-09,HEALTH_BEAUTY,Amazon.com,new,Amazon.com,14.99,6.78,2,2017-04-10,USPS,13.56,0.0,13.56
648,2017-04-09,GROCERY,Amazon.com,new,Amazon.com,4.99,2.99,2,2017-04-10,USPS,5.98,0.0,5.98
649,2017-04-17,GROCERY,Amazon.com,new,Amazon.com,44.99,22.19,1,2017-04-17,AMZN_US,22.19,0.0,22.19
657,2017-04-26,HEALTH_BEAUTY,Amazon.com,new,Dr. Price's Vitamins,21.0,13.32,1,2017-04-27,AMZN_US,13.32,0.0,13.32
658,2017-04-26,HEALTH_BEAUTY,Amazon.com,new,Amazon.com,9.21,9.21,1,2017-04-26,LASERSHIP,9.21,0.0,9.21
659,2017-04-26,HEALTH_BEAUTY,Amazon.com,new,Amazon.com,12.11,9.77,1,2017-04-26,LASERSHIP,9.77,0.0,9.77
660,2017-04-30,HEALTH_BEAUTY,Amazon.com,new,Amazon.com,32.9,21.12,1,2017-05-01,AMZN_US,21.12,0.0,21.12
661,2017-04-30,ELECTRONICS,Amazon.com,new,Amazon.com,12.49,12.49,1,2017-05-01,AMZN_US,12.49,0.86,13.35
662,2017-04-30,ELECTRONICS,Amazon.com,new,LotFancy,24.99,8.8,1,2017-05-01,AMZN_US,8.8,0.0,8.8
663,2017-04-30,APPAREL,Amazon.com,new,Amazon.com,68.0,34.99,1,2017-05-01,AMZN_US,34.99,0.0,34.99
664,2017-04-30,APPAREL,Amazon.com,new,Amazon.com,68.0,34.99,1,2017-05-01,AMZN_US,34.99,0.0,34.99
665,2017-05-04,HEALTH_BEAUTY,Amazon.com,new,Amazon.com,13.49,7.79,1,2017-05-04,AMZN_US,7.79,0.0,7.79
666,2017-05-04,HEALTH_BEAUTY,Amazon.com,new,Amazon.com,24.96,12.16,1,2017-05-04,AMZN_US,12.16,0.0,12.16
667,2017-05-04,GROCERY,Amazon.com,new,Amazon.com,5.99,4.53,1,2017-05-04,AMZN_US,4.53,0.0,4.53
668,2017-05-04,HEALTH_BEAUTY,Amazon.com,new,Amazon.com,13.99,9.34,1,2017-05-04,AMZN_US,9.34,0.64,9.98
669,2017-05-13,HEALTH_BEAUTY,Amazon.com,new,Dr. Price's Vitamins,21.0,13.32,1,2017-05-14,AMZN_US,13.32,0.0,13.32
670,2017-05-13,HEALTH_BEAUTY,Amazon.com,new,Amazon.com,48.95,19.49,1,2017-05-14,AMZN_US,19.49,0.0,19.49
671,2017-05-13,HEALTH_BEAUTY,Amazon.com,new,Amazon.com,43.15,18.2,1,2017-05-14,AMZN_US,18.2,0.0,18.2
672,2017-05-25,GROCERY,Amazon.com,new,Amazon.com,44.99,25.49,1,2017-05-26,AMZN_US,25.49,0.0,25.49
673,2017-05-30,HEALTH_BEAUTY,Amazon.com,new,Amazon.com,9.99,6.39,2,2017-05-31,AMZN_US,12.78,0.0,12.78
674,2017-05-30,GROCERY,Amazon.com,new,Amazon.com,44.99,22.19,1,2017-05-31,AMZN_US,22.19,0.0,22.19
675,2017-06-04,,Amazon.com,new,bestforus,69.99,20.99,1,2017-06-05,AMZN_US,20.99,0.0,20.99
676,2017-06-05,COMPUTER,Amazon.com,new,Amazon.com,39.99,26.99,1,2017-06-06,AMZN_US,26.99,1.86,28.85
677,2017-06-06,ENTERTAINMENT,Amazon.com,used verygood,Logosbooks 777,23.98,16.99,1,2017-06-06,USPS,16.99,0.0,16.99
679,2017-06-11,COMPUTER,Amazon.com,new,Amazon.com,49.99,19.89,1,2017-06-12,AMZN_US,19.89,1.37,21.26
681,2017-06-16,HEALTH_BEAUTY,Amazon.com,new,Amazon.com,38.36,24.87,1,2017-06-17,USPS,24.87,0.0,24.87
682,2017-06-16,APPAREL,Amazon.com,new,Amazon.com,55.0,29.99,1,2017-06-17,AMZN_US,29.99,2.06,32.05
684,2017-06-26,HEALTH_BEAUTY,Amazon.com,new,Amazon.com,14.49,8.69,1,2017-06-26,AMZN_US,8.69,0.0,8.69
685,2017-07-02,HEALTH_BEAUTY,Amazon.com,new,Dr. Price's Vitamins,21.0,13.31,2,2017-07-03,AMZN_US,26.62,0.0,26.62
686,2017-07-03,HOME,Amazon.com,new,Amazon.com,8.97,8.97,1,2017-07-05,AMZN_US,8.97,0.62,9.59
687,2017-07-07,ELECTRONICS,Amazon.com,new,Amazon.com,18.49,12.59,1,2017-07-07,AMZN_US,12.59,0.87,13.46
688,2017-07-10,HEALTH_BEAUTY,Amazon.com,new,GNC,13.26,13.26,1,2017-07-11,UPS,13.26,0.0,13.26
689,2017-07-10,APPAREL,Amazon.com,new,Amazon.com,65.0,42.99,1,2017-07-11,UPS,42.99,0.0,42.99
690,2017-07-10,APPAREL,Amazon.com,new,Amazon.com,60.0,38.64,1,2017-07-11,UPS,38.64,0.0,38.64
691,2017-07-11,APPAREL,Amazon.com,new,Teslagear Inc.,89.98,13.98,1,2017-07-12,USPS,13.98,0.0,13.98
694,2017-07-11,TOOLS,Amazon.com,new,Amazon.com,32.2,15.08,1,2017-07-13,AMZN_US,15.08,1.04,16.12
695,2017-07-11,TOOLS,Amazon.com,new,Amazon.com,21.26,7.46,1,2017-07-13,AMZN_US,7.46,0.51,7.97
696,2017-07-11,TOOLS,Amazon.com,new,Amazon.com,15.88,8.99,1,2017-07-13,AMZN_US,8.99,0.62,9.61
697,2017-07-12,HEALTH_BEAUTY,Amazon.com,new,Essential Oil Labs,39.99,10.0,1,2017-07-13,AMZN_US,10.0,0.0,10.0
698,2017-07-12,,Amazon.com,new,ZANE HELLAS MED,23.99,17.99,1,2017-07-13,AMZN_US,17.99,0.0,17.99
701,2017-07-14,HEALTH_BEAUTY,Amazon.com,new,Best Nest Wellness,24.0,21.95,1,2017-07-15,LASERSHIP,21.95,0.0,21.95
702,2017-07-18,TOOLS,Amazon.com,new,Amazon.com,7.99,9.26,1,2017-07-18,AMZN_US,9.26,0.64,9.9
703,2017-07-18,TOOLS,Amazon.com,new,KinderFluff,34.99,11.9,1,2017-07-18,AMZN_US,11.9,0.0,11.9
704,2017-08-03,OFFICE,Amazon.com,new,Mitch's List,18.78,10.77,1,2017-08-05,UPS,10.77,0.0,10.77
705,2017-08-10,HEALTH_BEAUTY,Amazon.com,new,Dr. Price's Vitamins,21.0,13.29,2,2017-08-11,AMZN_US,26.58,0.0,26.58
706,2017-08-10,HEALTH_BEAUTY,Amazon.com,new,Dr. Price's Vitamins,21.0,13.42,1,2017-08-11,AMZN_US,13.42,0.0,13.42
707,2017-08-14,HEALTH_BEAUTY,Amazon.com,new,Amazon.com,36.99,29.0,1,2017-08-14,UPS,29.0,1.99,30.99
708,2017-08-14,HEALTH_BEAUTY,Amazon.com,new,Amazon.com,69.99,59.95,1,2017-08-14,UPS,59.95,4.12,64.07
709,2017-08-14,HEALTH_BEAUTY,Amazon.com,new,BeautyBreeze,68.0,24.97,1,2017-08-14,UPS,24.97,0.0,24.97
710,2017-08-14,HEALTH_BEAUTY,Amazon.com,new,Beauty drive,12.41,9.99,1,2017-08-15,USPS,9.99,0.69,10.68
711,2017-08-17,ELECTRONICS,Amazon.com,new,Ceptics Direct,9.99,9.99,1,2017-08-18,AMZN_US,9.99,0.0,9.99
714,2017-08-17,APPAREL,Amazon.com,new,Teslagear Inc.,89.98,13.98,1,2017-08-18,AMZN_US,13.98,0.0,13.98
715,2017-08-23,HEALTH_BEAUTY,Amazon.com,new,Amazon.com,120.0,55.45,1,2017-08-24,UPS,55.45,3.81,59.26
717,2017-09-02,TOOLS,Amazon.com,new,Etekcity,29.99,9.97,1,2017-09-02,LASERSHIP,9.97,0.0,9.97
719,2017-09-21,HEALTH_BEAUTY,Amazon.com,new,Maple Prime,85.0,45.02,1,2017-09-24,UPS,45.02,0.0,45.02
720,2017-12-18,OTHER,Amazon.com,new,Chelsea Lane Bodywear,85.0,85.0,1,2017-12-18,USPS,85.0,0.0,85.0
721,2018-09-14,HEALTH_BEAUTY,Amazon.com,new,Amazon.com,15.98,12.98,1,2018-09-16,UPS,12.98,0.86,13.84
723,2018-09-15,HEALTH_BEAUTY,Amazon.com,new,Maple Prime,120.0,53.33,1,2018-09-16,UPS,53.33,3.53,56.86
724,2018-09-15,HEALTH_BEAUTY,Amazon.com,new,Amazon.com,120.0,53.34,1,2018-09-16,UPS,53.34,3.53,56.87
725,2018-09-16,HEALTH_BEAUTY,Amazon.com,new,Amazon.com,36.99,29.95,1,2018-09-17,AMZN_US,29.95,1.98,31.93
726,2018-09-16,HEALTH_BEAUTY,Amazon.com,new,Precision Naturals,34.95,26.97,1,2018-09-17,AMZN_US,26.97,1.79,28.76
728,2018-09-19,TOOLS,Amazon.com,new,Amazon.com,6.39,6.73,1,2018-09-20,AMZN_US,6.73,0.45,7.18
729,2018-09-19,TOOLS,Amazon.com,new,Amazon.com,27.99,16.85,1,2018-09-20,AMZN_US,16.85,1.12,17.97
731,2018-09-19,TOOLS,Amazon.com,new,Amazon.com,15.88,12.51,1,2018-09-20,AMZN_US,12.51,0.83,13.34
732,2018-09-21,COMPUTER,Amazon.com,new,ECO-FUSED,19.99,7.49,1,2018-09-22,AMZN_US,7.49,0.0,7.49
733,2018-09-21,COMPUTER,Amazon.com,new,Amazon.com,56.24,34.61,1,2018-09-22,AMZN_US,34.61,2.29,36.9
734,2018-09-24,COMPUTER,Amazon.com,new,Amazon.com,89.99,59.93,1,2018-09-25,AMZN_US,59.93,3.97,63.9
735,2018-09-26,ELECTRONICS,Amazon.com,new,Amazon.com,9.99,9.99,1,2018-09-27,AMZN_US,9.99,0.66,10.65
736,2018-09-26,SPORTS_OUTDOOR,Amazon.com,new,JP&M,10.5,12.72,1,2018-09-27,AMZN_US,12.72,0.84,13.56
738,2018-09-26,HEALTH_BEAUTY,Amazon.com,new,Amazon.com,9.99,9.99,1,2018-09-27,AMZN_US,9.99,0.66,10.65
739,2018-09-26,OTHER,Amazon.com,new,Amazon.com,11.0,4.06,1,2018-09-27,AMZN_US,4.06,0.27,4.33
743,2018-09-29,HEALTH_BEAUTY,Amazon.com,new,Paisle Botanics‚Ñ¢,48.5,28.77,1,2018-09-30,AMZN_US,28.77,1.43,30.2
744,2018-10-03,HEALTH_BEAUTY,Amazon.com,new,Amazon.com,14.99,13.27,1,2018-10-04,AMZN_US,13.27,0.88,14.15
745,2018-10-03,HEALTH_BEAUTY,Amazon.com,new,Amazon.com,13.65,9.22,1,2018-10-04,AMZN_US,9.22,0.61,9.83
747,2018-10-03,HEALTH_BEAUTY,Amazon.com,new,Wild Thera,17.99,14.99,1,2018-10-05,AMZN_US,14.99,0.0,14.99
748,2018-10-03,HEALTH_BEAUTY,Amazon.com,new,Amazon.com,9.99,9.74,1,2018-10-05,AMZN_US,9.74,0.65,10.39
749,2018-10-05,ELECTRONICS,Amazon.com,new,Cable Matters,14.99,7.99,1,2018-10-06,AMZN_US,7.99,0.53,8.52
750,2018-10-05,COMPUTER,Amazon.com,new,Amazon.com,9.99,7.99,1,2018-10-06,AMZN_US,7.99,0.53,8.52
754,2018-10-09,HOME,Amazon.com,new,Amazon.com,145.0,61.99,1,2018-10-09,AMZN_US,61.99,4.11,66.1
756,2018-10-09,SPORTS_OUTDOOR,Amazon.com,new,MetaRetail,10.95,11.99,1,2018-10-11,USPS,11.99,0.79,12.78
759,2018-10-10,COMPUTER,Amazon.com,new,Amazon.com,129.99,109.99,1,2018-10-11,USPS,109.99,7.29,117.28
760,2018-10-10,COMPUTER,Amazon.com,new,Amazon.com,249.99,227.99,1,2018-10-10,AMZN_US,227.99,15.1,243.09
761,2018-10-15,COMPUTER,Amazon.com,new,Amazon.com,249.99,227.99,1,2018-10-15,AMZN_US,227.99,15.1,243.09
762,2018-10-16,GROCERY,Amazon.com,new,Amazon.com,44.99,19.23,2,2018-10-17,AMZN_US,38.46,0.0,38.46
763,2018-10-16,ELECTRONICS,Amazon.com,new,Amazon.com,50.71,50.71,1,2018-10-18,AMZN_US,50.71,3.36,54.07
764,2018-10-17,BOOKS,Amazon.com,new,OptiLingo,150.0,53.99,1,2018-10-18,USPS,53.99,3.58,57.57
768,2018-10-21,COMPUTER,Amazon.com,new,Benair,24.99,9.99,2,2018-10-22,AMZN_US,19.98,0.0,19.98
770,2018-10-21,ELECTRONICS,Amazon.com,new,Amazon.com,37.98,37.98,1,2018-10-22,USPS,37.98,2.52,40.5
773,2018-10-24,COMPUTER,Amazon.com,new,Benair,24.99,9.99,2,2018-10-24,AMZN_US,19.98,0.0,19.98
774,2018-10-24,HEALTH_BEAUTY,Amazon.com,new,Drillbrush,18.95,11.95,1,2018-10-24,AMZN_US,11.95,0.0,11.95
775,2018-10-24,COMPUTER,Amazon.com,new,Amazon.com,14.99,9.59,4,2018-10-25,AMZN_US,38.36,2.56,40.92
777,2018-10-28,ELECTRONICS,Amazon.com,new,Cable Matters,21.99,11.99,1,2018-10-30,AMZN_US,11.99,0.79,12.78
779,2018-10-28,ELECTRONICS,Amazon.com,new,Amazon.com,37.98,37.98,1,2018-10-29,AMZN_US,37.98,2.52,40.5
782,2018-11-04,COMPUTER,Amazon.com,new,Amazon.com,99.99,99.99,1,2018-11-06,AMZN_US,99.99,6.62,106.61
783,2018-11-04,HOME,Amazon.com,new,Husky Mounts,25.0,13.99,1,2018-11-06,AMZN_US,13.99,0.93,14.92
787,2018-11-06,COMPUTER,Amazon.com,new,Amazon.com,99.0,87.99,1,2018-11-07,USPS,87.99,5.83,93.82
788,2018-11-06,COMPUTER,Amazon.com,new,Amazon.com,79.0,73.55,1,2018-11-07,USPS,73.55,4.87,78.42
790,2018-11-07,COMPUTER,Amazon.com,new,Amazon.com,49.99,24.99,1,2018-11-08,AMZN_US,24.99,1.66,26.65
794,2018-11-11,COMPUTER,Amazon.com,new,Amazon.com,13.99,13.99,1,2018-11-12,AMZN_US,13.99,0.93,14.92
795,2018-11-11,ELECTRONICS,Amazon.com,new,Store4PC,13.99,5.99,1,2018-11-12,AMZN_US,5.99,0.4,6.39
798,2018-11-11,GROCERY,Amazon.com,new,Amazon.com,44.99,21.71,2,2018-11-12,AMZN_US,43.42,0.0,43.42
799,2018-11-13,APPAREL,Amazon.com,new,Amazon.com,75.0,45.99,1,2018-11-14,AMZN_US,45.99,0.0,45.99
800,2018-11-13,APPAREL,Amazon.com,new,Amazon.com,64.95,53.12,1,2018-11-14,AMZN_US,53.12,0.0,53.12
801,2018-11-18,APPAREL,Amazon.com,new,Amazon.com,75.0,45.99,1,2018-11-20,AMZN_US,45.99,0.0,45.99
802,2018-11-18,APPAREL,Amazon.com,new,Amazon.com,64.95,53.12,1,2018-11-20,AMZN_US,53.12,0.0,53.12
803,2018-11-18,ELECTRONICS,Amazon.com,new,Linsoul Audio,59.99,49.99,1,2018-11-19,AMZN_US,49.99,3.11,53.1
804,2018-11-20,COMPUTER,Amazon.com,new,Amazon.com,99.99,99.99,1,2018-11-20,AMZN_US,99.99,6.62,106.61
805,2018-11-20,HOME,Amazon.com,new,Husky Mounts,25.0,13.99,1,2018-11-21,AMZN_US,13.99,0.93,14.92
808,2018-11-23,COMPUTER,Amazon.com,new,Amazon.com,19.99,19.99,1,2018-11-24,USPS,19.99,1.32,21.31
809,2018-11-23,ELECTRONICS,Amazon.com,new,Husky Mounts,19.99,11.99,2,2018-11-24,USPS,23.98,1.58,25.56
810,2018-11-26,HEALTH_BEAUTY,Amazon.com,new,"EntirelySkin, LLC",28.99,18.95,1,2018-11-27,UPS,18.95,0.81,19.76
811,2018-11-26,HEALTH_BEAUTY,Amazon.com,new,Baetea,39.99,23.95,1,2018-11-27,UPS,23.95,0.89,24.84
812,2018-11-26,HEALTH_BEAUTY,Amazon.com,new,MD Medical LLC,12.58,10.09,1,2018-11-27,UPS,10.09,0.67,10.76
815,2018-12-02,HEALTH_BEAUTY,Amazon.com,new,Amazon.com,11.97,10.41,1,2018-12-02,USPS,10.41,0.48,10.89
816,2018-12-02,HEALTH_BEAUTY,Amazon.com,new,Amazon.com,6.89,6.19,4,2018-12-03,UPS,24.76,1.64,26.4
817,2018-12-07,TOOLS,Amazon.com,new,EPFamily Direct,42.87,36.87,1,2018-12-11,AMZN_US,36.87,2.44,39.31
818,2018-12-07,ELECTRONICS,Amazon.com,new,Cable Matters,41.99,23.99,1,2018-12-08,AMZN_US,23.99,1.59,25.58
820,2018-12-07,HOME,Amazon.com,new,Amazon.com,8.8,5.97,1,2018-12-08,AMZN_US,5.97,0.4,6.37
821,2018-12-07,HOME,Amazon.com,new,Amazon.com,99.95,69.95,1,2018-12-09,USPS,69.95,4.63,74.58
822,2018-12-11,GIFT_CARD,Amazon.com,new,Amazon.com,50.0,13.76,1,2018-12-11,,13.76,0.0,13.76
823,2018-12-11,GROCERY,Amazon.com,new,Amazon.com,44.99,21.71,2,2018-12-12,AMZN_US,43.42,0.0,43.42
824,2018-12-21,HEALTH_BEAUTY,Amazon.com,new,Engoloids Medical LLC,12.58,7.0,1,2018-12-26,UPS,7.0,0.46,7.46
825,2018-12-22,HEALTH_BEAUTY,Amazon.com,new,Amazon.com,15.98,12.98,1,2018-12-23,UPS,12.98,0.86,13.84
827,2018-12-27,HEALTH_BEAUTY,Amazon.com,new,Dr. Price's Vitamins,21.0,16.99,2,2018-12-28,AMZN_US,33.98,0.0,33.98
828,2018-12-31,GROCERY,Amazon.com,new,Amazon.com,44.99,21.71,2,2019-01-10,AMZN_US,43.42,0.0,43.42
829,2019-01-13,GIFT_CARD,Amazon.com,new,Amazon.com,50.0,134.25,1,2019-01-13,,134.25,0.0,134.25
830,2019-01-14,OFFICE,Amazon.com,new,V I V O,14.99,9.99,2,2019-01-14,AMZN_US,19.98,1.32,21.3
831,2019-01-15,OTHER,Amazon.com,new,Amazon.com,720.0,283.86,1,2019-01-16,UPS,283.86,18.81,302.67
832,2019-01-23,COMPUTER,Amazon.com,new,iVanky,15.99,14.99,1,2019-01-23,AMZN_US,14.99,0.99,15.98
833,2019-01-23,ELECTRONICS,Amazon.com,new,Plugable Technologies,34.99,17.95,1,2019-01-23,AMZN_US,17.95,1.19,19.14
834,2019-01-23,COMPUTER,Amazon.com,new,AnkerDirect,23.99,17.99,1,2019-01-23,AMZN_US,17.99,0.93,18.92
836,2019-01-25,OTHER,Amazon.com,new,Cimo,19.98,7.98,1,2019-01-25,AMZN_US,7.98,0.53,8.51
837,2019-02-10,GROCERY,Amazon.com,new,Amazon.com,44.99,25.43,1,2019-02-11,AMZN_US,25.43,0.0,25.43
838,2019-02-10,GROCERY,Amazon.com,new,Amazon.com,44.99,21.71,2,2019-02-11,AMZN_US,43.42,0.0,43.42
839,2019-02-11,HEALTH_BEAUTY,Amazon.com,new,Spring of Health,57.0,37.43,1,2019-02-11,AMZN_US,37.43,0.0,37.43
840,2019-02-17,HOME,Amazon.com,new,Amazon.com,89.99,59.0,1,2019-02-17,AMZN_US,59.0,3.91,62.91
841,2019-02-24,HEALTH_BEAUTY,Amazon.com,new,Engoloids Medical LLC,12.58,7.0,1,2019-02-25,UPS,7.0,0.46,7.46
842,2019-02-24,COMPUTER,Amazon.com,new,wel-image,119.9,18.99,1,2019-02-25,AMZN_US,18.99,1.26,20.25
844,2019-02-24,OTHER,Amazon.com,new,Vaultskin US,59.99,25.99,1,2019-02-25,AMZN_US,25.99,1.55,27.54
845,2019-02-24,OTHER,Amazon.com,new,Vaultskin US,59.99,25.99,1,2019-02-25,AMZN_US,25.99,1.55,27.54
846,2019-02-25,APPAREL,Amazon.com,new,Amazon.com,12.99,12.99,1,2019-02-26,AMZN_US,12.99,0.0,12.99
847,2019-02-25,APPAREL,Amazon.com,new,Amazon.com,18.95,10.0,1,2019-02-26,AMZN_US,10.0,0.0,10.0
848,2019-02-25,APPAREL,Amazon.com,new,Amazon.com,12.99,12.99,1,2019-02-26,AMZN_US,12.99,0.0,12.99
849,2019-02-25,APPAREL,Amazon.com,new,Amazon.com,18.95,11.73,1,2019-02-26,AMZN_US,11.73,0.0,11.73
850,2019-02-25,APPAREL,Amazon.com,new,Amazon.com,11.0,11.0,1,2019-02-26,AMZN_US,11.0,0.0,11.0
851,2019-02-27,OTHER,Amazon.com,new,Vaultskin US,59.99,25.99,1,2019-02-27,AMZN_US,25.99,1.72,27.71
854,2019-03-05,APPAREL,Amazon.com,new,Amazon.com,18.95,9.99,1,2019-03-05,AMZN_US,9.99,0.0,9.99
855,2019-03-05,HEALTH_BEAUTY,Amazon.com,new,Dr. Price's Vitamins,21.0,16.99,1,2019-03-05,AMZN_US,16.99,0.0,16.99
856,2019-03-19,APPAREL,Amazon.com,new,Amazon.com,18.95,9.99,1,2019-03-20,AMZN_US,9.99,0.0,9.99
859,2019-03-23,APPAREL,Amazon.com,new,Amazon.com,34.99,7.02,1,2019-03-23,USPS,7.02,0.0,7.02
860,2019-03-25,GROCERY,Amazon.com,new,Amazon.com,44.99,24.41,2,2019-03-26,AMZN_US,48.82,0.0,48.82
862,2019-03-31,HEALTH_BEAUTY,Amazon.com,new,Spotless Lens,13.97,7.0,1,2019-04-01,AMZN_US,7.0,0.46,7.46
863,2019-03-31,TOOLS,Amazon.com,new,LittleCoolingStore,22.99,22.99,1,2019-03-31,USPS,22.99,1.52,24.51
867,2019-04-02,COMPUTER,Amazon.com,new,Amazon.com,79.99,45.99,1,2019-04-03,AMZN_US,45.99,3.05,49.04
868,2019-04-04,ELECTRONICS,Amazon.com,new,Plugable Technologies,34.99,17.95,1,2019-04-04,AMZN_US,17.95,1.19,19.14
869,2019-04-04,APPAREL,Amazon.com,new,Amazon.com,124.95,124.95,1,2019-04-05,AMZN_US,124.95,0.0,124.95
870,2019-04-04,APPAREL,Amazon.com,new,Amazon.com,124.95,124.95,1,2019-04-04,AMZN_US,124.95,0.0,124.95
872,2019-04-08,HEALTH_BEAUTY,Amazon.com,new,SLGI,35.0,30.0,1,2019-04-08,UPS,30.0,1.99,31.99
873,2019-04-08,HOME,Amazon.com,new,Seeml Labs,42.95,27.95,1,2019-04-08,AMZN_US,27.95,1.85,29.8
874,2019-04-09,HEALTH_BEAUTY,Amazon.com,new,Engoloids Medical LLC,12.58,7.0,1,2019-04-09,UPS,7.0,0.46,7.46
876,2019-04-14,OTHER,Amazon.com,new,Spigen Inc,19.99,11.99,1,2019-04-14,AMZN_US,11.99,0.79,12.78
877,2019-04-14,APPAREL,Amazon.com,new,Amazon.com,10.0,9.99,2,2019-04-15,AMZN_US,19.98,0.0,19.98
879,2019-04-22,HEALTH_BEAUTY,Amazon.com,new,Amazon.com,9.99,6.49,3,2019-04-22,AMZN_US,19.47,1.29,20.76
880,2019-04-23,HEALTH_BEAUTY,Amazon.com,new,Engoloids Medical LLC,12.58,7.0,2,2019-04-24,UPS,14.0,0.92,14.92
881,2019-05-03,ELECTRONICS,Amazon.com,new,AnkerDirect,13.99,10.99,1,2019-05-05,AMZN_US,10.99,0.73,11.72
882,2019-05-03,TOOLS,Amazon.com,new,Amazon.com,15.88,13.18,1,2019-05-05,AMZN_US,13.18,0.87,14.05
883,2019-05-06,TOOLS,Amazon.com,new,Amazon.com,6.96,6.96,1,2019-05-06,USPS,6.96,0.46,7.42
884,2019-05-17,ELECTRONICS,Amazon.com,new,Amazon.com,39.95,25.65,1,2019-05-18,AMZN_US,25.65,1.7,27.35
885,2019-05-17,OFFICE,Amazon.com,new,Artistry Store,15.27,8.59,1,2019-05-19,AMZN_US,8.59,0.57,9.16
887,2019-05-17,HOME,Amazon.com,new,Amazon.com,10.99,9.98,1,2019-05-19,AMZN_US,9.98,0.66,10.64
888,2019-05-17,HOME,Amazon.com,new,Amazon.com,12.99,11.49,1,2019-05-19,AMZN_US,11.49,0.76,12.25
891,2019-05-18,OFFICE,Amazon.com,new,Bargain Paradise Corp,22.99,9.95,1,2019-05-19,AMZN_US,9.95,0.66,10.61
892,2019-05-18,OFFICE,Amazon.com,new,Amazon.com,8.1,5.9,1,2019-05-19,AMZN_US,5.9,0.39,6.29
893,2019-05-19,ELECTRONICS,Amazon.com,new,Amazon.com,18.95,10.69,1,2019-05-19,AMZN_US,10.69,0.71,11.4
894,2019-05-21,HEALTH_BEAUTY,Amazon.com,new,Amazon.com,20.97,12.0,1,2019-05-21,AMZN_US,12.0,0.8,12.8
895,2019-05-22,ELECTRONICS,Amazon.com,new,Amazon.com,18.75,18.75,1,2019-05-22,UPS,18.75,1.24,19.99
898,2019-05-27,HEALTH_BEAUTY,Amazon.com,new,Amazon.com,21.21,12.56,2,2019-05-28,AMZN_US,25.12,0.0,25.12
899,2019-05-31,HOME,Amazon.com,new,Amazon.com,39.99,26.4,1,2019-05-31,AMZN_US,26.4,1.75,28.15
900,2019-05-31,OTHER,Amazon.com,new,Amazon.com,49.99,34.08,1,2019-05-31,AMZN_US,34.08,2.26,36.34
902,2019-06-03,COMPUTER,Amazon.com,new,Amazon.com,199.99,159.99,1,2019-06-03,AMZN_US,159.99,10.6,170.59
903,2019-06-03,COMPUTER,Amazon.com,new,ComegaCity,49.95,17.02,1,2019-06-03,AMZN_US,17.02,1.13,18.15
904,2019-06-03,COMPUTER,Amazon.com,new,Amazon.com,13.99,9.98,1,2019-06-03,AMZN_US,9.98,0.66,10.64
905,2019-06-03,COMPUTER,Amazon.com,new,Amazon.com,22.99,15.99,1,2019-06-03,AMZN_US,15.99,1.06,17.05
906,2019-06-04,COMPUTER,Amazon.com,new,Coinkosz,49.95,17.0,1,2019-06-04,AMZN_US,17.0,1.13,18.13
907,2019-06-04,COMPUTER,Amazon.com,new,Amazon.com,13.99,9.97,1,2019-06-04,AMZN_US,9.97,0.66,10.63
908,2019-06-05,COMPUTER,Amazon.com,new,Amazon.com,13.99,9.98,2,2019-06-05,AMZN_US,19.96,1.32,21.28
910,2019-06-14,COMPUTER,Amazon.com,new,Amazing Camel,22.0,9.99,1,2019-06-14,AMZN_US,9.99,0.66,10.65
911,2019-06-14,COMPUTER,Amazon.com,new,Amazon.com,69.99,65.99,1,2019-06-15,AMZN_US,65.99,4.37,70.36
912,2019-06-19,COMPUTER,Amazon.com,new,Amazon.com,249.99,167.99,1,2019-06-19,AMZN_US,167.99,11.13,179.12
913,2019-06-21,ELECTRONICS,Amazon.com,new,Amazon.com,10.99,8.99,1,2019-06-22,UPS,8.99,0.6,9.59
914,2019-06-21,COMPUTER,Amazon.com,new,Amazon.com,22.99,16.9,1,2019-06-22,UPS,16.9,1.12,18.02
915,2019-06-21,OFFICE,Amazon.com,new,V I V O,14.99,14.99,1,2019-06-22,UPS,14.99,0.99,15.98
916,2019-07-05,OTHER,Amazon.com,new,Tablet2Cases,49.95,49.95,1,2019-07-06,AMZN_US,49.95,3.31,53.26
917,2019-07-09,OTHER,Amazon.com,new,Amazon.com,14.99,12.99,1,2019-07-10,AMZN_US,12.99,0.86,13.85
918,2019-07-15,ELECTRONICS,Amazon.com,new,Amazon.com,899.99,649.99,1,2019-07-15,AMZN_US,649.99,26.5,676.49
919,2019-07-19,COMPUTER,Amazon.com,new,Amazon.com,199.99,159.99,1,2019-07-20,AMZN_US,159.99,10.6,170.59
920,2019-07-19,COMPUTER,Amazon.com,new,Amazon.com,127.99,127.99,1,2019-07-20,AMZN_US,127.99,8.48,136.47
921,2019-07-19,COMPUTER,Amazon.com,new,Amazon.com,45.99,49.99,1,2019-07-20,AMZN_US,49.99,3.31,53.3
922,2019-07-24,ELECTRONICS,Amazon.com,new,Amazon.com,399.99,129.0,1,2019-07-25,AMZN_US,129.0,8.55,137.55
923,2019-07-29,ELECTRONICS,Amazon.com,new,Amazon.com,25.98,25.98,1,2019-07-30,AMZN_US,25.98,1.72,27.7
924,2019-07-30,HEALTH_BEAUTY,Amazon.com,new,Amazon.com,15.98,12.98,1,2019-07-31,AMZN_US,12.98,0.6,13.58
925,2019-07-31,HEALTH_BEAUTY,Amazon.com,new,Ancient Nutrition,79.95,76.46,1,2019-07-31,AMZN_US,76.46,0.0,76.46
926,2019-07-31,HOME,Amazon.com,new,TONGZHU,57.99,24.99,1,2019-07-31,AMZN_US,24.99,1.66,26.65
927,2019-07-31,OTHER,Amazon.com,new,Amazon.com,11.99,11.99,1,2019-07-31,AMZN_US,11.99,0.0,11.99
929,2019-08-05,ELECTRONICS,Amazon.com,new,Amazon.com,13.99,13.99,1,2019-08-06,AMZN_US,13.99,0.93,14.92
930,2019-08-09,APPAREL,Amazon.com,new,Amazon.com,17.99,17.98,1,2019-08-10,AMZN_US,17.98,0.0,17.98
931,2019-08-09,ELECTRONICS,Amazon.com,new,Amazon.com,13.99,13.99,1,2019-08-10,AMZN_US,13.99,0.93,14.92
933,2019-08-20,APPAREL,Amazon.com,new,Amazon.com,17.99,17.98,1,2019-08-20,AMZN_US,17.98,0.0,17.98
934,2019-08-21,HEALTH_BEAUTY,Amazon.com,new,Engoloids Medical LLC,12.58,6.0,2,2019-08-22,UPS,12.0,0.8,12.8
935,2019-08-22,HEALTH_BEAUTY,Amazon.com,new,Amazon.com,15.98,12.98,1,2019-08-25,AMZN_US,12.98,0.73,13.71
936,2019-08-23,ELECTRONICS,Amazon.com,new,Amazon.com,13.99,13.97,1,2019-08-25,AMZN_US,13.97,0.93,14.9
937,2019-09-03,HEALTH_BEAUTY,Amazon.com,new,Amazon.com,24.99,13.59,1,2019-09-03,UPS,13.59,0.0,13.59
939,2019-09-16,TOOLS,Amazon.com,new,Amazon.com,25.76,22.12,1,2019-09-16,USPS,22.12,1.47,23.59
941,2019-09-19,APPAREL,Amazon.com,new,Amazon.com,17.99,17.98,1,2019-09-19,AMZN_US,17.98,0.0,17.98
942,2019-09-19,HOME,Amazon.com,new,TONGZHU,57.99,24.99,1,2019-09-19,AMZN_US,24.99,1.66,26.65
944,2019-09-21,HEALTH_BEAUTY,Amazon.com,new,Amazon.com,11.75,8.35,1,2019-09-22,AMZN_US,8.35,0.0,8.35
945,2019-09-23,HEALTH_BEAUTY,Amazon.com,new,Ancient Nutrition,79.95,76.46,1,2019-09-24,AMZN_US,76.46,0.0,76.46
946,2019-09-27,COMPUTER,Amazon.com,new,Amazon.com,45.99,38.99,1,2019-09-28,AMZN_US,38.99,2.58,41.57
948,2019-09-30,COMPUTER,Amazon.com,new,Sintech adapter,39.99,16.99,1,2019-09-30,USPS,16.99,1.13,18.12
949,2019-10-11,HEALTH_BEAUTY,Amazon.com,new,Amazon.com,9.88,9.88,1,2019-10-11,AMZN_US,9.88,0.0,9.88
950,2019-10-11,HEALTH_BEAUTY,Amazon.com,new,Amazon.com,10.99,6.74,1,2019-10-11,AMZN_US,6.74,0.0,6.74
951,2019-10-18,HEALTH_BEAUTY,Amazon.com,new,Amazon.com,32.99,19.45,1,2019-10-19,USPS,19.45,0.0,19.45
952,2019-10-18,HEALTH_BEAUTY,Amazon.com,new,"Ancestral Supplements, LLC",38.0,38.0,1,2019-10-19,USPS,38.0,0.0,38.0
953,2019-10-19,APPAREL,Amazon.com,new,Amazon.com,24.99,6.99,2,2019-10-22,AMZN_US,13.98,0.0,13.98
954,2019-11-20,OTHER,Amazon.com,new,Amazon.com,49.0,41.74,1,2019-11-21,AMZN_US,41.74,2.77,44.51
955,2019-11-20,COMPUTER,Amazon.com,new,Amazon.com,44.99,24.99,1,2019-11-21,USPS,24.99,1.66,26.65
956,2019-11-21,COMPUTER,Amazon.com,new,Amazon.com,44.99,44.99,1,2019-11-21,UPS,44.99,2.98,47.97
957,2019-11-25,COMPUTER,Amazon.com,new,Amazon.com,44.99,21.88,1,2019-11-26,USPS,21.88,1.45,23.33
958,2019-11-27,HEALTH_BEAUTY,Amazon.com,new,Amazon.com,24.5,21.24,1,2019-11-27,USPS,21.24,0.0,21.24
964,2019-12-03,OFFICE,Amazon.com,new,Change Tree,44.99,26.99,1,2019-12-04,USPS,26.99,1.79,28.78
965,2019-12-05,GROCERY,Amazon.com,new,Amazon.com,20.99,20.99,1,2019-12-07,AMZN_US,20.99,0.0,20.99
966,2019-12-10,HEALTH_BEAUTY,Amazon.com,new,Amazon.com,24.99,15.99,1,2019-12-10,USPS,15.99,0.0,15.99
969,2019-12-13,COMPUTER,Amazon.com,new,VICSEED,39.99,21.99,1,2019-12-13,USPS,21.99,1.46,23.45
970,2019-12-14,COMPUTER,Amazon.com,new,Amazon.com,44.99,21.88,1,2019-12-15,USPS,21.88,1.45,23.33
971,2019-12-18,OTHER,Amazon.com,new,MKOAWA,19.99,13.99,1,2019-12-19,AMZN_US,13.99,0.93,14.92
972,2019-12-18,OTHER,Amazon.com,new,TORRAS¬Æ,27.0,12.99,1,2019-12-19,AMZN_US,12.99,0.86,13.85
973,2019-12-19,GIFT_CARD,Amazon.com,new,Amazon.com,50.0,200.0,1,2019-12-19,,200.0,0.0,200.0
974,2019-12-24,HEALTH_BEAUTY,Amazon.com,new,Amazon.com,24.99,13.59,2,2019-12-26,AMZN_US,27.18,0.0,27.18
976,2020-01-01,HEALTH_BEAUTY,Amazon.com,new,Amazon.com,12.13,11.98,2,2020-01-03,AMZN_US,23.96,1.58,25.54
977,2020-01-01,HEALTH_BEAUTY,Amazon.com,new,Amazon.com,24.5,8.87,1,2020-01-02,USPS,8.87,0.0,8.87
